integrator,coarse_dt,ref_dt,primary_hit_ratio_coarse_over_ref,stuck_rel_error_vs_ref,class_match_ratio_vs_ref,ref_runtime_s
drag_relaxation,0.01,0.0025,1.0436912751677851,0.026643990929705215,0.9905,40.71802200000002
etd,0.01,0.0025,1.0172013017201302,0.02947845804988662,0.9908,38.98197070000003
etd2,0.01,0.0025,0.8648108151347892,0.09345794392523364,0.9812,64.8492058
