{
  "case": "examples\\icp_rf_bias_cf4_o2_si_etching_2d_source_part11_sio2_20nm_charged_tend10x",
  "particle_count": 10000,
  "particle_model": "charged_sio2_20nm_sheath_edge_ejection",
  "diameter_m": 2e-08,
  "radius_m": 1e-08,
  "density_kgm3": 2200.0,
  "mass_kg": 9.215338450530062e-21,
  "charge_model": "q = 4*pi*eps0*a*(-2.5*Te_eV); ni assumed equal to ne because ion density is not exported",
  "source_Te_median_eV": 3.442034963553957,
  "source_charge_C": -9.57445098262955e-18,
  "source_charge_number_e": -59.7590226910621,
  "source_q_over_m_Ckg": -1038.969000870373,
  "charge_number_e_valid_field": {
    "min": -255.62969033341454,
    "p50": -63.79253018486102,
    "max": -41.2400717252797
  },
  "q_over_m_Ckg_valid_field": {
    "min": -4444.371945832272,
    "p50": -1109.0954698472865,
    "max": -716.998943201339
  },
  "accel_mps2_valid_field": {
    "ax_min": -4577938.843042694,
    "ax_p50": -16289.24510247115,
    "ax_max": 21973245.624856833,
    "ay_min": -9880278.013688004,
    "ay_p50": 5287.010437260528,
    "ay_max": 58021913.697767116
  },
  "initial_speed_mps": {
    "min": 49.754807902869956,
    "p50": 193.65802086683155,
    "p90": 291.1710758140146,
    "max": 461.97863140421236,
    "mean": 203.06075029206636
  },
  "vx_mps": {
    "min": -456.4904157707312,
    "p50": -137.79881472513262,
    "p90": 18.391693894751665,
    "max": 394.2688707537097,
    "mean": -125.14793470650103
  },
  "vy_mps": {
    "min": 0.0124477000323094,
    "p50": 103.53665876115164,
    "p90": 213.4567912110917,
    "max": 427.4557636631238,
    "mean": 111.82545297450055
  },
  "source_part_id": 11,
  "source_x_range_m": [
    0.1535022936215309,
    0.1789971567563053
  ],
  "source_y_m": 0.022,
  "release_y_m": 0.024,
  "solver_min_tau_p_s": 1e-08,
  "wafer_boundary_remap_inherited": true,
  "run_variant": "t_end_10x_save_interval_10x",
  "solver_t_end_s": 0.0005,
  "solver_dt_s": 1e-07,
  "solver_save_every": 100,
  "initial_velocity_policy": "outward_hemisphere_from_source_to_release_vector",
  "source_velocity_summary_file": "source_velocity_summary.json",
  "source_velocity_correction": {
    "corrected_particle_count": 4092,
    "inward_count_before": 4092,
    "inward_count_after": 0,
    "normal_speed_after_mps": {
      "count": 10000,
      "min": 0.0124477000323094,
      "p50": 103.53665876115164,
      "p90": 213.4567912110917,
      "max": 427.4557636631238,
      "mean": 111.82545297450055
    }
  },
  "solver_drag_model": "epstein",
  "field_support_boundary_policy": "part 9001 is a physical part boundary in this case; particles reflect or stick instead of escaping."
}
