segment_name,save_count,t_start,t_end
etch,38,0.0,1.4800000000000009
purge,76,1.5000000000000009,3.0
