{
  "reference": {
    "integrator": "etd2",
    "dt": 0.0025,
    "output_dir": "c:\\Users\\user\\Desktop\\particle_simulation\\demo_output\\integrator_eval_prod10k_20260403_035201\\out_etd2_ref_dt0p0025",
    "elapsed_s": 69.68946970000002,
    "primary_hit_count": 12501,
    "stuck_count": 1498
  },
  "comparisons": [
    {
      "integrator": "drag_relaxation",
      "elapsed_s": 18.451450299999976,
      "class_match_ratio_vs_etd2_ref_dt0p0025": 0.9639,
      "primary_hit_ratio_vs_ref": 1.243980481561475,
      "stuck_relative_error_vs_ref": 0.2089452603471295
    },
    {
      "integrator": "etd",
      "elapsed_s": 18.45011149999999,
      "class_match_ratio_vs_etd2_ref_dt0p0025": 0.964,
      "primary_hit_ratio_vs_ref": 1.2251819854411647,
      "stuck_relative_error_vs_ref": 0.21228304405874499
    },
    {
      "integrator": "etd2",
      "elapsed_s": 23.35430600000001,
      "class_match_ratio_vs_etd2_ref_dt0p0025": 0.9812,
      "primary_hit_ratio_vs_ref": 0.8648108151347892,
      "stuck_relative_error_vs_ref": 0.09345794392523364
    }
  ]
}