field_source_mode,diameter_nm,variant_a,variant_b,time_s,particle_sample_count,active_count_a,active_count_b,common_active_finite_position_count,common_active_finite_position_fraction,position_difference_p50_m,position_difference_p90_m,position_difference_p99_m,velocity_difference_p50_m_per_s,velocity_difference_p90_m_per_s,velocity_difference_p99_m_per_s,charge_number_difference_p50,charge_number_difference_p90,charge_number_difference_p99,status_mismatch_fraction
imported_external_plasma_fields,10,electric_field_aligned_image_sensitivity_v1,relative_flow_screened_collection_orbital_v1,0.0,287,287,287,287,1.0,0.0,0.0,0.0,0.0,0.0,0.0,0.0,0.0,0.0,0.0
imported_external_plasma_fields,10,electric_field_aligned_image_sensitivity_v1,relative_flow_screened_collection_orbital_v1,1e-05,287,287,287,287,1.0,6.380915753008189e-08,1.1958944353557509e-07,1.2413385126526367e-07,0.012932286774982234,0.024051411105951027,0.02494154761870466,2.196325252779019e-07,1.0704210969159103e-06,3.032263814941591e-06,0.0
imported_external_plasma_fields,10,electric_field_aligned_image_sensitivity_v1,relative_flow_screened_collection_orbital_v1,2e-05,287,287,287,287,1.0,2.6072066082803165e-07,4.845401329152571e-07,5.009364847908511e-07,0.026528139723627553,0.04917636007895596,0.05056619892394492,1.8301895774452959e-06,8.966068922067216e-06,2.536273515692409e-05,0.0
imported_external_plasma_fields,10,electric_field_aligned_image_sensitivity_v1,relative_flow_screened_collection_orbital_v1,3.0000000000000004e-05,287,287,287,287,1.0,5.981079002277517e-07,1.1062930417361129e-06,1.1377564906179851e-06,0.04033653766755766,0.07496018124902973,0.08280578704121043,6.564407206033351e-06,3.276205913351768e-05,8.758258699926186e-05,0.0
imported_external_plasma_fields,10,electric_field_aligned_image_sensitivity_v1,relative_flow_screened_collection_orbital_v1,4e-05,287,287,287,287,1.0,1.0596387212027106e-06,1.9854804552637333e-06,2.0503858245584646e-06,0.05609821931944423,0.10004741662647978,0.12077845650484367,1.555111242845797e-05,8.418578897830854e-05,0.0002128625473397204,0.0
imported_external_plasma_fields,10,electric_field_aligned_image_sensitivity_v1,relative_flow_screened_collection_orbital_v1,5e-05,287,287,287,287,1.0,1.7135310194825322e-06,3.1067109492058875e-06,3.4145199147072663e-06,0.0697757336950739,0.12617685318410876,0.16375765937001632,2.8729631532886657e-05,0.00015308088082628414,0.0004266567249825213,0.0
imported_external_plasma_fields,10,electric_field_aligned_image_sensitivity_v1,relative_flow_screened_collection_orbital_v1,6.000000000000001e-05,287,287,287,287,1.0,2.4880170140136947e-06,4.4529093161020316e-06,5.063698222877747e-06,0.0853574957730096,0.14728659469933253,0.2425864455107418,4.628808003781515e-05,0.0002917337308728119,0.0007070260522604421,0.0
imported_external_plasma_fields,10,electric_field_aligned_image_sensitivity_v1,relative_flow_screened_collection_orbital_v1,7.000000000000001e-05,287,287,287,287,1.0,3.2811448089729433e-06,6.022544764472586e-06,7.281192844895465e-06,0.09916789585030127,0.16659810082024937,0.5350310819393189,9.222043245205036e-05,0.0005149970609279466,0.0010668954107076179,0.0
imported_external_plasma_fields,10,electric_field_aligned_image_sensitivity_v1,relative_flow_screened_collection_orbital_v1,8e-05,287,287,287,287,1.0,4.464799659360977e-06,7.727381708669156e-06,1.0035643280990643e-05,0.11862082169141162,0.19836562148383216,0.6801487543694761,0.0002479823183572094,0.0008804987184818817,0.0015276422319675628,0.0
imported_external_plasma_fields,10,electric_field_aligned_image_sensitivity_v1,relative_flow_screened_collection_orbital_v1,9e-05,287,287,287,287,1.0,5.8386562994890324e-06,9.62170711945736e-06,1.4693208276820784e-05,0.1412566462039989,0.2561662261260501,0.653258062537907,0.0005685094372938071,0.0013482022237356686,0.002333005960594751,0.0
imported_external_plasma_fields,10,electric_field_aligned_image_sensitivity_v1,relative_flow_screened_collection_orbital_v1,0.0001,287,287,287,287,1.0,7.265263374191958e-06,1.17101457181484e-05,2.0731724734938226e-05,0.16989968275195405,0.3118734547955792,0.8010982845759786,0.001267471679903931,0.0023726762572142237,0.0034972981083603257,0.0
imported_external_plasma_fields,10,electric_field_aligned_image_sensitivity_v1,relative_flow_screened_collection_orbital_v1,0.00011,287,287,287,287,1.0,9.293839316337779e-06,1.4251481690011142e-05,2.7136336853905547e-05,0.21393649809131512,0.3803446940782618,0.7387752315064907,0.0022205948830062994,0.004247399797744845,0.006245885223178645,0.0
imported_external_plasma_fields,10,electric_field_aligned_image_sensitivity_v1,relative_flow_screened_collection_orbital_v1,0.00012000000000000002,287,287,287,287,1.0,1.1480303523053605e-05,1.830247961829833e-05,3.394426326593673e-05,0.27849551658240296,0.45516127125060013,0.8494333137710767,0.0031834795640985902,0.006378798839724187,0.009687277349184545,0.0
imported_external_plasma_fields,10,electric_field_aligned_image_sensitivity_v1,relative_flow_screened_collection_orbital_v1,0.00013000000000000002,287,287,287,287,1.0,1.4465276127245434e-05,2.2239565599587207e-05,3.9235416796089713e-05,0.35733914268068817,0.5744047113732927,0.9462901223224026,0.004619312379133156,0.009117658805165619,0.013580725694618006,0.0
imported_external_plasma_fields,10,electric_field_aligned_image_sensitivity_v1,relative_flow_screened_collection_orbital_v1,0.00014000000000000001,287,287,287,287,1.0,1.8489897412205727e-05,2.9074755196135932e-05,4.721639198712779e-05,0.45554681853680407,0.8242444993599671,1.0310673068775909,0.006468832395031043,0.01214539674709041,0.017100219192855922,0.0
imported_external_plasma_fields,10,electric_field_aligned_image_sensitivity_v1,relative_flow_screened_collection_orbital_v1,0.00015000000000000001,287,287,287,287,1.0,2.363517843838054e-05,3.891657222953496e-05,5.279066978958133e-05,0.5984752347812636,1.1948468829762124,1.2618028328144897,0.00815139342236293,0.015374603426306343,0.019443069747787943,0.0
imported_external_plasma_fields,10,electric_field_aligned_image_sensitivity_v1,relative_flow_screened_collection_orbital_v1,0.00016,287,287,287,287,1.0,2.963516444545565e-05,5.306097329006746e-05,6.165487975889116e-05,0.7891801212833544,1.674824249419225,1.7785519471617859,0.0105402410114257,0.019606850745491757,0.021566892516876147,0.0
imported_external_plasma_fields,10,electric_field_aligned_image_sensitivity_v1,relative_flow_screened_collection_orbital_v1,0.00017,287,287,287,287,1.0,3.8530007035918335e-05,7.247116751350676e-05,7.701818953770594e-05,1.059302030587754,2.1378771965520076,2.3712487298524962,0.013197520106834837,0.02419494208238131,0.026489297485208053,0.0
imported_external_plasma_fields,10,electric_field_aligned_image_sensitivity_v1,relative_flow_screened_collection_orbital_v1,0.00018,287,287,287,287,1.0,4.953939662753615e-05,9.572001540554197e-05,0.00010257544043750702,1.3593201474485523,2.6038677642114134,2.8459144612015628,0.0163781160075116,0.02987706284086507,0.03207697221768562,0.0
imported_external_plasma_fields,10,electric_field_aligned_image_sensitivity_v1,relative_flow_screened_collection_orbital_v1,0.00019,287,287,287,287,1.0,6.31908538457202e-05,0.00012375858053240081,0.000132337923065471,1.6674226769504688,3.0818607623902197,3.4168933303162934,0.020235706613562776,0.036252954557276965,0.03990817261133308,0.0
imported_external_plasma_fields,10,electric_field_aligned_image_sensitivity_v1,relative_flow_screened_collection_orbital_v1,0.0002,287,287,287,287,1.0,7.937454763694267e-05,0.0001561074537650153,0.00016841475252878877,1.9703028032346674,3.4349442914135806,3.9590117030337524,0.024157094128407053,0.04291777665301773,0.04846653979986246,0.0
imported_external_plasma_fields,10,electric_field_aligned_image_sensitivity_v1,relative_flow_screened_collection_orbital_v1,0.00021,287,287,287,287,1.0,9.933018384365647e-05,0.00019239817487890163,0.0002096386338289179,2.2883613690613576,3.8335450491601337,4.3900973326562385,0.029412564043022726,0.05088325157820998,0.057430040459746895,0.0
imported_external_plasma_fields,10,electric_field_aligned_image_sensitivity_v1,relative_flow_screened_collection_orbital_v1,0.00022,287,287,287,287,1.0,0.00012353120144116333,0.0002328243540305934,0.00025574917702488395,2.6427866198362397,4.159541545582442,4.81368333295659,0.034789709721138706,0.058882282655438094,0.06714087176337839,0.0
imported_external_plasma_fields,10,electric_field_aligned_image_sensitivity_v1,relative_flow_screened_collection_orbital_v1,0.00023,287,287,287,287,1.0,0.00015069272392516513,0.0002768505103761631,0.0003041177493686912,2.9431688029146437,4.494509340197197,5.036634082814591,0.04113151227366352,0.06647285649115879,0.07722973748727568,0.0
imported_external_plasma_fields,10,electric_field_aligned_image_sensitivity_v1,relative_flow_screened_collection_orbital_v1,0.00024000000000000003,287,287,287,287,1.0,0.0001819748656565148,0.00032292373722937994,0.00035640437836553665,3.121673740951007,4.744761335799843,5.422781266641095,0.04769304280757147,0.07485803501801308,0.08679286560214808,0.0
imported_external_plasma_fields,10,electric_field_aligned_image_sensitivity_v1,relative_flow_screened_collection_orbital_v1,0.00025,287,287,287,287,1.0,0.00021701116835286336,0.0003726947795280199,0.00041326548035207426,3.3358550487730363,5.008437365140802,5.832174183127463,0.054517614317685315,0.08208048327477827,0.09776322347660847,0.0
imported_external_plasma_fields,10,electric_field_aligned_image_sensitivity_v1,relative_flow_screened_collection_orbital_v1,0.00026000000000000003,287,287,287,287,1.0,0.00025189725589309806,0.0004252682945303815,0.00047349078709348156,3.59074605664262,5.303266950723351,6.119978029789252,0.06143174996939749,0.09093521222739512,0.10638714364025224,0.0
imported_external_plasma_fields,10,electric_field_aligned_image_sensitivity_v1,relative_flow_screened_collection_orbital_v1,0.00027,287,287,287,287,1.0,0.00028887619635186465,0.00047867768137717175,0.0005354620030121068,3.8036940596978464,5.4435626704426685,6.34628027948659,0.06992748143611927,0.09787323109134152,0.11506191456154823,0.0
imported_external_plasma_fields,10,electric_field_aligned_image_sensitivity_v1,relative_flow_screened_collection_orbital_v1,0.00028000000000000003,287,287,287,287,1.0,0.0003284183546401245,0.0005326647143325524,0.0006004226075222873,3.960086338289518,5.638118862842676,6.646412846351405,0.07716970589558336,0.10351395976627843,0.12489155481820241,0.0
imported_external_plasma_fields,10,electric_field_aligned_image_sensitivity_v1,relative_flow_screened_collection_orbital_v1,0.00029,287,287,287,287,1.0,0.00036995210429030767,0.000588422275638747,0.0006661406521444468,4.149724737567669,5.836226645235287,6.720386218788574,0.08470560331384291,0.11051493732271427,0.1345935439990444,0.0
imported_external_plasma_fields,10,electric_field_aligned_image_sensitivity_v1,relative_flow_screened_collection_orbital_v1,0.00030000000000000003,287,287,287,287,1.0,0.00041288030228720543,0.0006462140011676323,0.0007317502739044143,4.322335186682342,6.001827027287646,6.719764960864627,0.09074480936285667,0.11805110704515442,0.1391320561687038,0.0
imported_external_plasma_fields,10,electric_field_aligned_image_sensitivity_v1,relative_flow_screened_collection_orbital_v1,0.00031,287,287,287,287,1.0,0.00045169009755583893,0.0007068509960593213,0.0007999157537152104,4.470696135667895,6.222311351852693,6.950782158335481,0.09721304392586738,0.12528506665023756,0.14539593714481905,0.0
imported_external_plasma_fields,10,electric_field_aligned_image_sensitivity_v1,relative_flow_screened_collection_orbital_v1,0.00032,287,287,287,287,1.0,0.0004978196908430975,0.0007651065552081616,0.0008698627910853169,4.616753607691077,6.089244500612969,7.232443651078491,0.10177440168580709,0.1324225557435895,0.1535887704021384,0.0
imported_external_plasma_fields,10,electric_field_aligned_image_sensitivity_v1,relative_flow_screened_collection_orbital_v1,0.00033000000000000005,287,287,287,287,1.0,0.0005414915118483961,0.0008243105589334799,0.0009426189202280564,4.732530847673411,6.235599226478763,7.349950658608092,0.10731986664264959,0.13984893757008657,0.1611814961170477,0.0
imported_external_plasma_fields,10,electric_field_aligned_image_sensitivity_v1,relative_flow_screened_collection_orbital_v1,0.00034,287,287,287,287,1.0,0.0005887881598917921,0.0008880280374585366,0.0010099858980637927,4.843749560417586,6.558785236385335,7.453236529477281,0.11280816264666171,0.14450055153133337,0.16873966774446597,0.0
imported_external_plasma_fields,10,electric_field_aligned_image_sensitivity_v1,relative_flow_screened_collection_orbital_v1,0.00035000000000000005,287,287,287,287,1.0,0.0006382806579966207,0.0009547975475068192,0.0010842221513302855,4.966566027207897,6.895212927382996,7.783866152220794,0.11702753233201868,0.1489621099513812,0.16465843502372848,0.0
imported_external_plasma_fields,10,electric_field_aligned_image_sensitivity_v1,relative_flow_screened_collection_orbital_v1,0.00036,287,287,287,287,1.0,0.000690159179166401,0.001026258694602755,0.0011620704165190576,5.113310167900257,7.2736399374258625,8.931921702332579,0.12076696521172181,0.15265835495683863,0.17117371272649376,0.0
imported_external_plasma_fields,10,electric_field_aligned_image_sensitivity_v1,relative_flow_screened_collection_orbital_v1,0.00037000000000000005,287,287,287,287,1.0,0.0007415604547633899,0.0011018111291867198,0.0012442474929807888,5.197328821192423,7.844750964739265,10.139539467699315,0.12426337579884361,0.15765408507788053,0.17719862021623622,0.0
imported_external_plasma_fields,10,electric_field_aligned_image_sensitivity_v1,relative_flow_screened_collection_orbital_v1,0.00038,287,287,287,287,1.0,0.0007945958240044959,0.0011816494735964152,0.0013354627006564332,5.2840084405670025,8.552187123265108,11.9536772907184,0.12448731098588794,0.16293809242739743,0.18415346518568804,0.0
imported_external_plasma_fields,10,electric_field_aligned_image_sensitivity_v1,relative_flow_screened_collection_orbital_v1,0.00039000000000000005,287,287,287,287,1.0,0.0008493367879573442,0.0012683574362356595,0.0014344463445851738,5.34734409037448,9.60305328613698,14.887466601542883,0.12617461960040544,0.16862150591217,0.19156727287511516,0.0
imported_external_plasma_fields,10,electric_field_aligned_image_sensitivity_v1,relative_flow_screened_collection_orbital_v1,0.0004,287,287,287,287,1.0,0.0009007998113964214,0.0013724363400765677,0.0015367706412277434,5.473809491978385,11.736248927969916,17.99718121181737,0.1280384506275105,0.17482280487915744,0.19947414167776217,0.0
imported_external_plasma_fields,10,electric_field_aligned_image_sensitivity_v1,relative_flow_screened_collection_orbital_v1,0.00041000000000000005,287,287,287,287,1.0,0.0009544309873028483,0.001497804298604956,0.0017043240148040871,5.546572670273981,13.56665667355654,21.81675655957307,0.13287526670258742,0.18029839306370693,0.20741190004190582,0.0
imported_external_plasma_fields,10,electric_field_aligned_image_sensitivity_v1,relative_flow_screened_collection_orbital_v1,0.00042,287,287,287,287,1.0,0.0010110037586341812,0.0016185471084284892,0.001881166290130247,5.581017907237338,16.018028925256935,27.805655940347805,0.13764148609390503,0.18790418600086486,0.21322296723210526,0.0
imported_external_plasma_fields,10,electric_field_aligned_image_sensitivity_v1,relative_flow_screened_collection_orbital_v1,0.00043000000000000004,287,287,287,287,1.0,0.0010659251050936897,0.0017859183881357853,0.0020738782035941276,5.789422683368546,19.41292202804472,34.003255055033236,0.1402911750933491,0.19603181382718662,0.23232333438400193,0.0
imported_external_plasma_fields,10,electric_field_aligned_image_sensitivity_v1,relative_flow_screened_collection_orbital_v1,0.00044,287,287,287,287,1.0,0.0011239433799605217,0.001945096599512381,0.002358403220190803,5.8702327313229254,23.543655272543393,40.09324236874353,0.14560468220822642,0.2040541674015984,0.27257884870215515,0.0
imported_external_plasma_fields,10,electric_field_aligned_image_sensitivity_v1,relative_flow_screened_collection_orbital_v1,0.00045000000000000004,287,287,287,287,1.0,0.0011822239182491556,0.0021454731707675197,0.00271461172416482,5.957251143195642,27.290582677362654,46.215263618604695,0.1488481045627985,0.21194218376363316,0.29550247252856005,0.0
imported_external_plasma_fields,10,electric_field_aligned_image_sensitivity_v1,relative_flow_screened_collection_orbital_v1,0.00046,287,287,287,287,1.0,0.0012430851516487585,0.002370498600476816,0.0031321860672928045,6.123841137955667,31.01417046960167,52.23842027850798,0.15180517557701378,0.2189284327649169,0.33493954150139976,0.0
imported_external_plasma_fields,10,electric_field_aligned_image_sensitivity_v1,relative_flow_screened_collection_orbital_v1,0.00047000000000000004,287,287,287,287,1.0,0.001300427182137351,0.002672065420247419,0.003609701865900939,6.129194839934292,34.9325335110343,57.90924352059657,0.15188653179651368,0.22793576661046108,0.37694071900106374,0.0
imported_external_plasma_fields,10,electric_field_aligned_image_sensitivity_v1,relative_flow_screened_collection_orbital_v1,0.00048000000000000007,287,287,287,287,1.0,0.0013559903721196485,0.0029987080799987764,0.004145571632644814,6.347535916539109,39.34295109259488,62.81403379953763,0.15455295115573975,0.23803189421116572,0.39346506822519967,0.0
imported_external_plasma_fields,10,electric_field_aligned_image_sensitivity_v1,relative_flow_screened_collection_orbital_v1,0.0004900000000000001,287,287,287,287,1.0,0.0014093737398357565,0.003345226543725319,0.004752614736291596,6.544258833526217,43.927427401841896,67.28301654163421,0.1572961240889441,0.2583272455041329,0.3882615233778125,0.0
imported_external_plasma_fields,10,electric_field_aligned_image_sensitivity_v1,relative_flow_screened_collection_orbital_v1,0.0005,287,287,287,287,1.0,0.0014672884345843873,0.003739209662833716,0.0054147084383707605,6.78240383388381,48.40587615720958,71.56544488625434,0.15786763402875437,0.2857681486361496,0.427692565627974,0.0
imported_external_plasma_fields,10,electric_field_aligned_image_sensitivity_v1,relative_flow_screened_collection_orbital_v1,0.0006,287,287,287,287,1.0,0.002357459107928333,0.009755470546958453,0.013194527032969005,15.160046257726774,69.33061113730426,83.19944271530086,0.12272723022413956,0.37582337099661606,0.7125025354544426,0.0
imported_external_plasma_fields,10,electric_field_aligned_image_sensitivity_v1,relative_flow_screened_collection_orbital_v1,0.0007,287,287,287,287,1.0,0.004237636933837133,0.016694806021546924,0.020892318623130235,29.636630370219894,66.3096384592325,71.14286759280903,0.1281820340620783,0.3645176086476937,0.6452484018072563,0.0
imported_external_plasma_fields,10,electric_field_aligned_image_sensitivity_v1,relative_flow_screened_collection_orbital_v1,0.0007999999999999999,287,287,287,287,1.0,0.007417080705585307,0.02268381039360385,0.02731228216843582,37.810920778927404,56.28723688830105,60.18537277503882,0.2958522200275375,1.053939235219686,1.3970753187988514,0.0
imported_external_plasma_fields,10,electric_field_aligned_image_sensitivity_v1,relative_flow_screened_collection_orbital_v1,0.0009,287,287,287,287,1.0,0.011153268862876134,0.02754843492594844,0.03234814275845546,38.7796707161069,46.16168180630348,48.70138771422654,0.688182283871889,1.755687621664653,2.1858194811461296,0.0
imported_external_plasma_fields,10,electric_field_aligned_image_sensitivity_v1,relative_flow_screened_collection_orbital_v1,0.001,287,287,287,287,1.0,0.014769684825629575,0.03131362874345704,0.03541884627952673,34.998569272755255,41.01205775150448,43.33962511637922,1.1463141166283037,2.379055257781144,2.809711519140489,0.0
imported_external_plasma_fields,10,electric_field_aligned_image_sensitivity_v1,relative_flow_screened_collection_orbital_v1,0.0010999999999999998,287,287,287,287,1.0,0.017945982047681098,0.032967112141361846,0.036311083007892965,28.336551148599497,39.37206244846039,42.43254021172143,1.501975952538757,2.803955266868515,3.2813028259207977,0.0
imported_external_plasma_fields,10,electric_field_aligned_image_sensitivity_v1,relative_flow_screened_collection_orbital_v1,0.0012000000000000001,287,287,287,287,1.0,0.0203325303337305,0.03351518969181501,0.03541602973590842,23.84038468828467,34.49928807538029,39.19717256215885,1.6924053323512496,3.001691237269586,3.350549296134697,0.0
imported_external_plasma_fields,10,electric_field_aligned_image_sensitivity_v1,relative_flow_screened_collection_orbital_v1,0.0013,287,287,287,287,1.0,0.021425474584276297,0.031937705543161644,0.03401965111202007,22.220593059941546,35.32353064845271,56.33777113633552,1.6758651374638944,2.7558759844556704,3.206701670840887,0.0
imported_external_plasma_fields,10,electric_field_aligned_image_sensitivity_v1,relative_flow_screened_collection_orbital_v1,0.0014,287,287,287,287,1.0,0.021593489732414043,0.028741293377857684,0.031029679758777576,15.124262899313093,58.85668933848657,74.38556806618752,1.1536474520605466,2.0581085972779554,2.6014640839981835,0.0
imported_external_plasma_fields,10,electric_field_aligned_image_sensitivity_v1,relative_flow_screened_collection_orbital_v1,0.0015,287,287,287,287,1.0,0.019822748185261516,0.024286053045136778,0.026664567499594827,37.69627533783653,65.84714380899952,80.18814779230601,0.3689506350950964,1.48446616215506,2.137825197066837,0.0
imported_external_plasma_fields,10,electric_field_aligned_image_sensitivity_v1,relative_flow_screened_collection_orbital_v1,0.0015999999999999999,287,287,287,287,1.0,0.016285657485820088,0.01975045754737781,0.021744246470293598,45.88692559555212,68.97075961133132,78.14929852017383,0.8286369080087894,1.2802532114748502,1.8730535886791582,0.0
imported_external_plasma_fields,10,electric_field_aligned_image_sensitivity_v1,relative_flow_screened_collection_orbital_v1,0.0017000000000000001,287,287,287,287,1.0,0.013166732642873526,0.01721980470628566,0.019748446889036046,36.18581703554721,60.61828225335081,71.40800889000201,0.8329168298344243,1.270992907745968,1.5567622462130555,0.0
imported_external_plasma_fields,10,electric_field_aligned_image_sensitivity_v1,relative_flow_screened_collection_orbital_v1,0.0018,287,287,287,287,1.0,0.011504298488006928,0.01782571398967745,0.020574751904150933,19.676847941601586,46.01017985241243,57.954048373585486,0.481148390504643,1.0853494593014776,1.3455282011174998,0.0
imported_external_plasma_fields,10,electric_field_aligned_image_sensitivity_v1,relative_flow_screened_collection_orbital_v1,0.0019000000000000002,287,287,287,287,1.0,0.011679329660436588,0.019856789662637778,0.022600469062361503,22.354932145827693,36.13864169564158,47.52915078159057,0.6964068332473516,1.2213706365425812,1.5693305301672105,0.0
imported_external_plasma_fields,10,electric_field_aligned_image_sensitivity_v1,relative_flow_screened_collection_orbital_v1,0.002,287,287,287,287,1.0,0.01284117014696463,0.02225348141497217,0.024966437387857702,30.325253829209412,40.82370721773757,45.127214988893634,0.8652510606783395,1.5941247092573037,2.0372231058751713,0.0
imported_external_plasma_fields,10,electric_field_aligned_image_sensitivity_v1,relative_flow_screened_collection_orbital_v1,0.0021,287,287,287,287,1.0,0.014650206869974168,0.0243969530982577,0.02751436875440232,24.35829045570326,37.159141421260486,43.92948815802302,0.8442575105469245,1.7466985575808782,2.1659124451215837,0.0
imported_external_plasma_fields,10,electric_field_aligned_image_sensitivity_v1,relative_flow_screened_collection_orbital_v1,0.0022,287,287,287,287,1.0,0.01579994465936591,0.026163013449165228,0.030182212733259516,15.074536589346362,27.68232773061085,37.35527928631531,0.790909443976922,1.6957956885284458,2.195019762708595,0.0
imported_external_plasma_fields,10,electric_field_aligned_image_sensitivity_v1,relative_flow_screened_collection_orbital_v1,0.0023,287,287,287,287,1.0,0.015291907537983368,0.02664943576129826,0.03173159384772948,9.815110803032704,25.309668875749104,35.08319625541366,0.8850325640764254,1.594747871564853,2.2877407243312504,0.0
imported_external_plasma_fields,10,electric_field_aligned_image_sensitivity_v1,relative_flow_screened_collection_orbital_v1,0.0024000000000000002,287,287,287,287,1.0,0.014812029560701653,0.026720259321937813,0.032512036538763486,10.981029045161092,24.0350769592692,32.74238609504252,0.8855283087294694,1.5681401052777495,2.209559178621942,0.0
imported_external_plasma_fields,10,electric_field_aligned_image_sensitivity_v1,relative_flow_screened_collection_orbital_v1,0.0025,287,287,287,287,1.0,0.014454231369805219,0.026512413358419647,0.03333466193497369,13.513232127998432,24.631940746151024,37.581631657464065,0.8760135643672413,1.5303103294510283,2.19425952202886,0.0
imported_external_plasma_fields,10,electric_field_aligned_image_sensitivity_v1,relative_flow_screened_collection_orbital_v1,0.0026,287,287,287,287,1.0,0.014274915679406116,0.02493593083100817,0.03268347186424429,14.199040794342922,25.293573130914655,40.94231303172121,0.8755980303297051,1.6239473069977546,2.444203616043517,0.0
imported_external_plasma_fields,10,electric_field_aligned_image_sensitivity_v1,relative_flow_screened_collection_orbital_v1,0.0027,287,287,287,287,1.0,0.013975623587734678,0.023044621334845944,0.031427337670333524,12.154236473292714,25.432140083070713,43.49594672935258,0.8737110513746345,1.7009969264978417,2.57614889022602,0.0
imported_external_plasma_fields,10,electric_field_aligned_image_sensitivity_v1,relative_flow_screened_collection_orbital_v1,0.0028,287,287,287,287,1.0,0.013159334232765307,0.021921772476048897,0.02992860702452557,10.852263330679111,24.62489837902818,36.91939635762319,0.9170630255896981,1.8075093327714387,2.5974615922292466,0.0
imported_external_plasma_fields,10,electric_field_aligned_image_sensitivity_v1,relative_flow_screened_collection_orbital_v1,0.0029,287,287,287,287,1.0,0.012695900272214646,0.0212100594023308,0.028796228973985306,9.701753479872183,22.541667312140312,34.83797368343135,0.922488350662384,1.8760254845570803,2.7478225414217325,0.0
imported_external_plasma_fields,10,electric_field_aligned_image_sensitivity_v1,relative_flow_screened_collection_orbital_v1,0.003,287,287,287,287,1.0,0.012548505493270976,0.02087315060583584,0.02852155945074569,9.063333304115133,19.931612307230704,27.315843522026203,0.9991135041840238,2.0423495609166236,3.0780162088761536,0.0
imported_external_plasma_fields,10,electric_field_aligned_image_sensitivity_v1,relative_flow_screened_collection_orbital_v1,0.0031,287,287,287,287,1.0,0.012269993737282481,0.021341507177735645,0.028780772606061236,8.176954470628361,16.31837008490377,24.395529887823187,1.0717022371203555,2.1765823141851293,3.388929227683617,0.0
imported_external_plasma_fields,10,electric_field_aligned_image_sensitivity_v1,relative_flow_screened_collection_orbital_v1,0.0032,287,287,287,287,1.0,0.012260349567706497,0.022166561328292568,0.02892558147651759,7.54714389808231,16.401460753268122,23.516663107630094,1.1149372856101394,2.3016057571477035,3.6144880864766256,0.0
imported_external_plasma_fields,10,electric_field_aligned_image_sensitivity_v1,relative_flow_screened_collection_orbital_v1,0.0033,287,287,287,287,1.0,0.012252935317611166,0.023610756863157483,0.029418751994750893,8.99631388119032,17.001987323900366,24.30751348709842,1.1639984048470708,2.4777330198235985,3.6955238454972617,0.0
imported_external_plasma_fields,10,electric_field_aligned_image_sensitivity_v1,relative_flow_screened_collection_orbital_v1,0.0034,287,287,287,287,1.0,0.012587852510053224,0.024954371937940582,0.030504635246592006,9.769321164107845,18.138585192621463,23.17055023674981,1.2394201390310684,2.7169169221109257,3.7961811486560233,0.0
imported_external_plasma_fields,10,electric_field_aligned_image_sensitivity_v1,relative_flow_screened_collection_orbital_v1,0.0035,287,287,287,287,1.0,0.013299981458511464,0.026019084125601392,0.03218214646546345,9.382562963814697,17.950252473666968,24.42647243555253,1.2300086768091774,2.769595678374077,3.771084306683914,0.0
imported_external_plasma_fields,10,electric_field_aligned_image_sensitivity_v1,relative_flow_screened_collection_orbital_v1,0.0036,287,287,287,287,1.0,0.014171783805676378,0.026852309015993652,0.03354117383378705,8.835217054505364,18.92587159536981,24.183455524708226,1.239217221238242,2.7206136985716123,3.727028404878832,0.0
imported_external_plasma_fields,10,electric_field_aligned_image_sensitivity_v1,relative_flow_screened_collection_orbital_v1,0.0037,287,287,287,287,1.0,0.01504251277585208,0.027523990119883743,0.03464716446812875,7.2726053277101,16.602875164295785,27.16828308270941,1.2459397212639232,2.684486050315677,3.6377841751021402,0.0
imported_external_plasma_fields,10,electric_field_aligned_image_sensitivity_v1,relative_flow_screened_collection_orbital_v1,0.0038,287,287,287,287,1.0,0.01603987389837177,0.028250842472762567,0.03589490661874357,6.395312231607185,15.7427059054052,25.279515368423247,1.2772620847849296,2.6200479842513933,3.5579445450893163,0.0
imported_external_plasma_fields,10,electric_field_aligned_image_sensitivity_v1,relative_flow_screened_collection_orbital_v1,0.0039,287,287,287,287,1.0,0.0169659135841605,0.028745161282645378,0.03673761309314441,6.39167374142823,14.507382884026159,25.717025609992742,1.2749611637861946,2.595321942055823,3.535969024239648,0.0
imported_external_plasma_fields,10,electric_field_aligned_image_sensitivity_v1,relative_flow_screened_collection_orbital_v1,0.004,287,287,287,287,1.0,0.0173918820540698,0.029789530299855833,0.03768079723928274,6.082488514221941,13.591317485937461,20.1705114502608,1.2655438890574615,2.6430673284061124,3.505915503915005,0.0
imported_external_plasma_fields,10,electric_field_aligned_image_sensitivity_v1,relative_flow_screened_collection_orbital_v1,0.0041,287,287,287,287,1.0,0.017963467504567676,0.030449519182072234,0.03827261365903039,5.408073056613461,12.791690795107192,18.983093065652906,1.2752795670609771,2.691706286491567,3.457397092810795,0.0
imported_external_plasma_fields,10,electric_field_aligned_image_sensitivity_v1,relative_flow_screened_collection_orbital_v1,0.004200000000000001,287,287,287,287,1.0,0.017756119937663396,0.030859741740191494,0.038564691115362364,5.150805877784894,12.167233725261136,19.55439397911394,1.3399249400148392,2.701469396976961,3.4728506050053727,0.0
imported_external_plasma_fields,10,electric_field_aligned_image_sensitivity_v1,relative_flow_screened_collection_orbital_v1,0.0043,287,287,287,287,1.0,0.017941345969926133,0.03151043723089483,0.03868349154582149,5.246265498263359,12.135760654276243,19.838556556103345,1.3357855884108716,2.749644200607995,3.3928527463292397,0.0
imported_external_plasma_fields,10,electric_field_aligned_image_sensitivity_v1,relative_flow_screened_collection_orbital_v1,0.0044,287,287,287,287,1.0,0.017822189650485473,0.03191488434759195,0.03880951883682702,5.171454209179886,11.54625422934715,19.685172252250577,1.346508922264121,2.7584642160740276,3.309380617804357,0.0
imported_external_plasma_fields,10,electric_field_aligned_image_sensitivity_v1,relative_flow_screened_collection_orbital_v1,0.0045000000000000005,287,287,287,287,1.0,0.017704132074468422,0.03239306117291579,0.039476836042203665,5.330501619185243,12.664142363086484,21.068416022898077,1.4300603973680879,2.8252571113502887,3.3203025296770887,0.0
imported_external_plasma_fields,10,electric_field_aligned_image_sensitivity_v1,relative_flow_screened_collection_orbital_v1,0.0046,287,287,287,287,1.0,0.017474069994800362,0.032584566364053026,0.0391898857597795,4.855915074846616,12.707744742601841,19.561188714891788,1.443192631962674,2.8100241543354065,3.446776730848872,0.0
imported_external_plasma_fields,10,electric_field_aligned_image_sensitivity_v1,relative_flow_screened_collection_orbital_v1,0.0047,287,287,287,287,1.0,0.017579685203559448,0.032788685460538085,0.03935610813125378,4.851852609070912,12.671971541607117,18.612686145229013,1.4767627353287693,2.798704904121664,3.323591017578464,0.0
imported_external_plasma_fields,10,electric_field_aligned_image_sensitivity_v1,relative_flow_screened_collection_orbital_v1,0.0048000000000000004,287,287,287,287,1.0,0.01760716468013932,0.032656832237653984,0.03928985148062538,5.117967012439436,12.275174128683762,19.59965657797893,1.4333816767916332,2.7961414051726434,3.287340458530746,0.0
imported_external_plasma_fields,10,electric_field_aligned_image_sensitivity_v1,relative_flow_screened_collection_orbital_v1,0.0049,287,287,287,287,1.0,0.017422068680998666,0.03363619632365927,0.03922040878759064,4.5120376423187,11.754681002503958,19.932834996101494,1.4433232840053378,2.8495888783596057,3.325409309521838,0.0
imported_external_plasma_fields,10,electric_field_aligned_image_sensitivity_v1,relative_flow_screened_collection_orbital_v1,0.005,287,287,287,287,1.0,0.017399628214601916,0.03414802879249491,0.03894593224609656,4.443778944931011,11.162588760804745,18.573124233502526,1.4447315839223265,2.8760514223428326,3.3049105267867267,0.0
imported_external_plasma_fields,10,electric_field_aligned_image_sensitivity_v1,relative_flow_screened_collection_orbital_v1,0.006,287,287,287,287,1.0,0.01790356936629131,0.03424033306138342,0.03877179678879317,4.02494710610567,9.531080959907063,18.572899545084656,1.448973354039964,2.9590880095691863,3.3902135105122047,0.0
imported_external_plasma_fields,10,electric_field_aligned_image_sensitivity_v1,relative_flow_screened_collection_orbital_v1,0.007,287,287,287,287,1.0,0.01800418628734826,0.03479703652272159,0.04012942502977087,3.348213607597113,7.117449450217607,13.517036829833561,1.502591852660693,3.1619409328530668,3.586671590990938,0.0
imported_external_plasma_fields,10,electric_field_aligned_image_sensitivity_v1,relative_flow_screened_collection_orbital_v1,0.008,287,287,287,287,1.0,0.018521177591786293,0.035401290262030136,0.038678229663129116,3.4651081528683445,7.938669049504183,14.885940881349152,1.5675457609863273,3.265522466940036,3.6560651436246965,0.0
imported_external_plasma_fields,10,electric_field_aligned_image_sensitivity_v1,relative_flow_screened_collection_orbital_v1,0.009000000000000001,287,287,287,287,1.0,0.01937699358877697,0.03585459953293553,0.03884753765294525,3.2294711457273313,6.4691293579788836,10.281534389931887,1.5339865526565575,3.3805828818558328,3.736708432812578,0.0
imported_external_plasma_fields,10,electric_field_aligned_image_sensitivity_v1,relative_flow_screened_collection_orbital_v1,0.01,287,287,287,287,1.0,0.019682154900594207,0.03551933738144172,0.03856611299904023,3.1457096466437546,5.991628742739675,11.824216925730228,1.5837256107781812,3.4863698360053337,3.7057767855889505,0.0
imported_external_plasma_fields,10,electric_field_aligned_image_sensitivity_v1,relative_flow_screened_collection_orbital_v1,0.011,287,287,287,287,1.0,0.01976023639733553,0.03563474428301035,0.03732106735504362,3.2928036675544727,6.686201519550277,11.703019329745064,1.6170797041705995,3.5455791204304132,3.7236096883434238,0.0
imported_external_plasma_fields,10,electric_field_aligned_image_sensitivity_v1,relative_flow_screened_collection_orbital_v1,0.012,287,287,287,287,1.0,0.019981616180349365,0.03560696779516989,0.038223225617641306,2.9197181361466757,6.411010459858454,10.671662362367867,1.592773247735309,3.579166314048695,3.7509195419254815,0.0
imported_external_plasma_fields,10,electric_field_aligned_image_sensitivity_v1,relative_flow_screened_collection_orbital_v1,0.013000000000000001,287,287,287,287,1.0,0.021053733676609385,0.03558755149883028,0.03817705935081591,3.1908584039265673,6.335778755604904,11.027911698716622,1.6835151122713583,3.562853821709968,3.7655847641408613,0.0
imported_external_plasma_fields,10,electric_field_aligned_image_sensitivity_v1,relative_flow_screened_collection_orbital_v1,0.014,287,287,287,287,1.0,0.02217291759753917,0.03600872101332072,0.0402365150260184,3.2270171913254435,6.422878258989786,10.125064109357615,1.6682913911164547,3.5484818222774583,3.8153965921461546,0.0
imported_external_plasma_fields,10,electric_field_aligned_image_sensitivity_v1,relative_flow_screened_collection_orbital_v1,0.015000000000000001,287,287,287,287,1.0,0.021892459816403573,0.035970259974420805,0.039257164059506536,2.9613668322238067,5.981237709744656,8.74952769680345,1.7477690117733218,3.5701920675516505,3.7812273116807793,0.0
imported_external_plasma_fields,10,electric_field_aligned_image_sensitivity_v1,relative_flow_screened_collection_orbital_v1,0.016,287,287,287,287,1.0,0.02237338770525222,0.03595017173043949,0.039145863802206964,3.1095685462902622,6.102401632954657,9.871057134220571,1.6836634410975932,3.585212278671533,3.792481818988211,0.0
imported_external_plasma_fields,10,electric_field_aligned_image_sensitivity_v1,relative_flow_screened_collection_orbital_v1,0.017,287,287,287,287,1.0,0.023265663043588722,0.036056942489712404,0.03825745869978916,3.1519871862278195,6.18038050071713,11.261227223806069,1.6947940448950902,3.5687512452692562,3.7788665100808836,0.0
imported_external_plasma_fields,10,electric_field_aligned_image_sensitivity_v1,relative_flow_screened_collection_orbital_v1,0.018000000000000002,287,287,287,287,1.0,0.022997063042142663,0.03611641271656522,0.03792859296334966,2.956657067141913,6.201453696369904,10.596950884520114,1.7011568308538614,3.5729276890415904,3.7629570505131493,0.0
imported_external_plasma_fields,10,electric_field_aligned_image_sensitivity_v1,relative_flow_screened_collection_orbital_v1,0.019000000000000003,287,287,287,287,1.0,0.02331993518048511,0.036149597972614265,0.037770779599716704,3.3031530207709023,6.653541939290948,11.523015352435403,1.7109141285152063,3.5648007743770833,3.734597419604449,0.0
imported_external_plasma_fields,10,electric_field_aligned_image_sensitivity_v1,relative_flow_screened_collection_orbital_v1,0.02,287,287,287,287,1.0,0.02358333349454971,0.03602223079672609,0.040054567653383784,2.7823833199873285,6.1870687745839446,11.036280442543035,1.7851000044523886,3.603853493413884,3.7477527201379734,0.0
imported_external_plasma_fields,10,electric_field_aligned_image_sensitivity_v1,relative_flow_screened_collection_orbital_v1,0.020999999999999998,287,287,287,287,1.0,0.023739514817800192,0.036104648130719404,0.03888620484260184,2.692353014768705,5.72705212027606,9.49824105491939,1.7790027944518485,3.6126954550241295,3.758807034552376,0.0
imported_external_plasma_fields,10,electric_field_aligned_image_sensitivity_v1,relative_flow_screened_collection_orbital_v1,0.022,287,287,287,287,1.0,0.023987549631846017,0.0361485292279008,0.03819207229405325,3.2247934898805135,6.385661185746549,9.204705313222759,1.8515522919443086,3.6488572923454003,3.790178793998771,0.0
imported_external_plasma_fields,10,electric_field_aligned_image_sensitivity_v1,relative_flow_screened_collection_orbital_v1,0.023,287,287,287,287,1.0,0.02481845862117395,0.036245680461099786,0.04008604328743371,3.0775527091708463,5.966959549848504,8.825027931445597,1.8911188357390785,3.641359523450109,3.7732629616231876,0.0
imported_external_plasma_fields,10,electric_field_aligned_image_sensitivity_v1,relative_flow_screened_collection_orbital_v1,0.024,287,287,287,287,1.0,0.024365450801660138,0.03618568490209048,0.039533657752840325,2.9352701772069967,5.802383257236968,10.491534484562104,1.8381560760907476,3.607469566639806,3.780771276354088,0.0
imported_external_plasma_fields,10,electric_field_aligned_image_sensitivity_v1,relative_flow_screened_collection_orbital_v1,0.025,287,287,287,287,1.0,0.02428469378482218,0.03627636396647145,0.03884622258056214,3.0118611448270545,6.0764345631530805,10.421930674270564,1.829739295790688,3.6382270564607837,3.7988250763468887,0.0
imported_external_plasma_fields,10,electric_field_aligned_image_sensitivity_v1,relative_flow_screened_collection_orbital_v1,0.026000000000000002,287,287,287,287,1.0,0.02477615178016693,0.03632892388862494,0.04009271894531047,3.210406229584992,6.122040759285241,10.348439149002289,1.801581047510581,3.616335250712746,3.756182691839654,0.0
imported_external_plasma_fields,10,electric_field_aligned_image_sensitivity_v1,relative_flow_screened_collection_orbital_v1,0.027000000000000003,287,287,287,287,1.0,0.025615771062140906,0.0362612393354826,0.039369993132191375,3.0310719902589174,5.854492425413466,9.566537898644174,1.899044383694907,3.59985995062481,3.7992604860066286,0.0
imported_external_plasma_fields,10,electric_field_aligned_image_sensitivity_v1,relative_flow_screened_collection_orbital_v1,0.027999999999999997,287,287,287,287,1.0,0.025991095569038274,0.03617123270997451,0.038326005677341506,3.16696393479131,7.236997464679159,10.525815665759966,1.863365628239812,3.6123483934285576,3.831572586185588,0.0
imported_external_plasma_fields,10,electric_field_aligned_image_sensitivity_v1,relative_flow_screened_collection_orbital_v1,0.028999999999999998,287,287,287,287,1.0,0.02618483088781436,0.036187254533472504,0.038033479256058135,3.271450166092288,7.031101272545123,9.958834515260651,1.952133646708326,3.615986629329629,3.7942187414595154,0.0
imported_external_plasma_fields,10,electric_field_aligned_image_sensitivity_v1,relative_flow_screened_collection_orbital_v1,0.03,287,287,287,287,1.0,0.025771477128846296,0.03617965447781963,0.04152863054037974,3.034474846277339,6.56856419131946,11.057495054487692,1.9960076975345018,3.6131069418880686,3.753977746050811,0.0
imported_external_plasma_fields,30,electric_field_aligned_image_sensitivity_v1,relative_flow_screened_collection_orbital_v1,0.0,287,287,287,287,1.0,0.0,0.0,0.0,0.0,0.0,0.0,0.0,0.0,0.0,0.0
imported_external_plasma_fields,30,electric_field_aligned_image_sensitivity_v1,relative_flow_screened_collection_orbital_v1,1e-05,287,287,287,287,1.0,8.540009234336234e-09,1.531429522908703e-08,1.8291411516476123e-08,0.0018855485823805313,0.0032811861636590158,0.004456148704769162,2.528352773811804e-07,1.3556138637405022e-06,4.703287729048704e-06,0.0
imported_external_plasma_fields,30,electric_field_aligned_image_sensitivity_v1,relative_flow_screened_collection_orbital_v1,2e-05,287,287,287,287,1.0,3.955913912817299e-08,6.997757502358145e-08,1.04451048368634e-07,0.004607168910750961,0.007923750189133301,0.013514103660917421,2.1933706018106847e-06,1.2609623893578004e-05,4.8040109549081145e-05,0.0
imported_external_plasma_fields,30,electric_field_aligned_image_sensitivity_v1,relative_flow_screened_collection_orbital_v1,3.0000000000000004e-05,287,287,287,287,1.0,1.0357906146478547e-07,1.7824333590664746e-07,3.0280829861317537e-07,0.007986400225051055,0.013790715518307252,0.026845670590111326,8.08793828399601e-06,4.8066767026089274e-05,0.0001916947180204073,0.0
imported_external_plasma_fields,30,electric_field_aligned_image_sensitivity_v1,relative_flow_screened_collection_orbital_v1,4e-05,287,287,287,287,1.0,2.0250370348165634e-07,3.5030493138528633e-07,6.546905304870493e-07,0.012394609112819139,0.02090846703583652,0.04417830332093264,2.0728315512474893e-05,0.00012644577105689342,0.0005131889042479179,0.0
imported_external_plasma_fields,30,electric_field_aligned_image_sensitivity_v1,relative_flow_screened_collection_orbital_v1,5e-05,287,287,287,287,1.0,3.502413793435739e-07,6.007315935920035e-07,1.1989709003357173e-06,0.01763270126853621,0.029314482062671267,0.06529318908047296,4.066020236415113e-05,0.00027075778464382707,0.001087773027827303,0.0
imported_external_plasma_fields,30,electric_field_aligned_image_sensitivity_v1,relative_flow_screened_collection_orbital_v1,6.000000000000001e-05,287,287,287,287,1.0,5.572013066516128e-07,9.40234989546856e-07,1.97259073980596e-06,0.02312492553071311,0.03896669415330229,0.09002237789003673,7.627272086496717e-05,0.0005087075997746383,0.001941387723230078,0.0
imported_external_plasma_fields,30,electric_field_aligned_image_sensitivity_v1,relative_flow_screened_collection_orbital_v1,7.000000000000001e-05,287,287,287,287,1.0,8.285689748685443e-07,1.378376596249493e-06,3.0110587516706682e-06,0.029320782745182523,0.04955596059460313,0.11824707228440808,0.00013147619469577876,0.0008736895063954364,0.0031934096421511494,0.0
imported_external_plasma_fields,30,electric_field_aligned_image_sensitivity_v1,relative_flow_screened_collection_orbital_v1,8e-05,287,287,287,287,1.0,1.0961522339129476e-06,1.9311734430248686e-06,4.348933521601962e-06,0.035894323960688056,0.061444091818399514,0.15982631134838812,0.00019870712079583797,0.001402286963433142,0.004989982874444399,0.0
imported_external_plasma_fields,30,electric_field_aligned_image_sensitivity_v1,relative_flow_screened_collection_orbital_v1,9e-05,287,287,287,287,1.0,1.4845826949686568e-06,2.6092160790617554e-06,6.0202789640035145e-06,0.04352730459596636,0.07478430707313487,0.18493950381370258,0.0003031337865655459,0.002142314708256523,0.0074230161867102455,0.0
imported_external_plasma_fields,30,electric_field_aligned_image_sensitivity_v1,relative_flow_screened_collection_orbital_v1,0.0001,287,287,287,287,1.0,1.94860078574012e-06,3.42862759362429e-06,8.059070888051675e-06,0.0524800680968184,0.0893014313222539,0.22339031825198918,0.00045632433181808096,0.0031902830673850285,0.010723304499186733,0.0
imported_external_plasma_fields,30,electric_field_aligned_image_sensitivity_v1,relative_flow_screened_collection_orbital_v1,0.00011,287,287,287,287,1.0,2.5081232851477215e-06,4.386531102429328e-06,1.0499614628012423e-05,0.06116753504341876,0.10485752639396993,0.2653036085836978,0.0006379866144570201,0.004392466788683795,0.014989322850432809,0.0
imported_external_plasma_fields,30,electric_field_aligned_image_sensitivity_v1,relative_flow_screened_collection_orbital_v1,0.00012000000000000002,287,287,287,287,1.0,3.136666375793717e-06,5.515374235740611e-06,1.3377004393199465e-05,0.06830268703833389,0.12127514740988939,0.3107793785297419,0.0008228053188368278,0.005731561477464468,0.01848455217944437,0.0
imported_external_plasma_fields,30,electric_field_aligned_image_sensitivity_v1,relative_flow_screened_collection_orbital_v1,0.00013000000000000002,287,287,287,287,1.0,3.74180933609772e-06,6.808275358662154e-06,1.672761048643681e-05,0.07454407678247463,0.13801741519797106,0.3599785352674466,0.0010687409649943191,0.007778762352422338,0.02263311807521914,0.0
imported_external_plasma_fields,30,electric_field_aligned_image_sensitivity_v1,relative_flow_screened_collection_orbital_v1,0.00014000000000000001,287,287,287,287,1.0,4.536727929569673e-06,8.27670838979681e-06,2.0589610365129867e-05,0.08333064274195905,0.15550729592896295,0.41309541153097884,0.0013398420307453307,0.010403806901750934,0.027832222785840258,0.0
imported_external_plasma_fields,30,electric_field_aligned_image_sensitivity_v1,relative_flow_screened_collection_orbital_v1,0.00015000000000000001,287,287,287,287,1.0,5.474467444462974e-06,9.854078082415033e-06,2.50034661229905e-05,0.09222158726781783,0.17061631982086992,0.47039838607243195,0.0015975701564112654,0.013455229317415985,0.034216288479980185,0.0
imported_external_plasma_fields,30,electric_field_aligned_image_sensitivity_v1,relative_flow_screened_collection_orbital_v1,0.00016,287,287,287,287,1.0,6.363969950574192e-06,1.1490136528145595e-05,3.0012547390316786e-05,0.0997686190458743,0.18946092873423845,0.532197915032789,0.002000115343468778,0.01761120918060187,0.042858325230362156,0.0
imported_external_plasma_fields,30,electric_field_aligned_image_sensitivity_v1,relative_flow_screened_collection_orbital_v1,0.00017,287,287,287,287,1.0,7.194508121427166e-06,1.3413553354756788e-05,3.5663706906629005e-05,0.10710390428014421,0.2071064179936633,0.598885385786057,0.002413159968532419,0.023156079629007214,0.05308336971946142,0.0
imported_external_plasma_fields,30,electric_field_aligned_image_sensitivity_v1,relative_flow_screened_collection_orbital_v1,0.00018,287,287,287,287,1.0,8.3951314987531e-06,1.553416151495432e-05,4.200804593431872e-05,0.11397023502520492,0.22701774102133698,0.6709192077578243,0.002625895344971596,0.02836275641172826,0.06512149125685385,0.0
imported_external_plasma_fields,30,electric_field_aligned_image_sensitivity_v1,relative_flow_screened_collection_orbital_v1,0.00019,287,287,287,287,1.0,9.558504206209122e-06,1.7715787739302532e-05,4.91017562496408e-05,0.12586273027023429,0.2589513174968936,0.748858408450148,0.0032745376490135314,0.035252253003995565,0.07924246321572917,0.0
imported_external_plasma_fields,30,electric_field_aligned_image_sensitivity_v1,relative_flow_screened_collection_orbital_v1,0.0002,287,287,287,287,1.0,1.0466548580298339e-05,2.0098412620464624e-05,5.700702190530179e-05,0.13521185368422747,0.28630111440744294,0.8333478022712898,0.004761843164304835,0.0433534316367387,0.09576263901009312,0.0
imported_external_plasma_fields,30,electric_field_aligned_image_sensitivity_v1,relative_flow_screened_collection_orbital_v1,0.00021,287,287,287,287,1.0,1.1734254326212301e-05,2.2630123176216543e-05,6.5793128602617e-05,0.1498298715193665,0.32887748693976027,0.9249138364544655,0.007074543809206801,0.05144555107215342,0.11504997721258184,0.0
imported_external_plasma_fields,30,electric_field_aligned_image_sensitivity_v1,relative_flow_screened_collection_orbital_v1,0.00022,287,287,287,287,1.0,1.2843395418185637e-05,2.5249498062307673e-05,7.5537757683333e-05,0.1621025668937676,0.41297984893652273,1.0270491972909714,0.010574681795318952,0.06154115549442878,0.13753108261549435,0.0
imported_external_plasma_fields,30,electric_field_aligned_image_sensitivity_v1,relative_flow_screened_collection_orbital_v1,0.00023,287,287,287,287,1.0,1.432302475362219e-05,2.8071652873624388e-05,8.63955638783897e-05,0.177704882639879,0.4733029118510743,1.1531330928551344,0.015865782405111162,0.06963202878269074,0.16370165184959354,0.0
imported_external_plasma_fields,30,electric_field_aligned_image_sensitivity_v1,relative_flow_screened_collection_orbital_v1,0.00024000000000000003,287,287,287,287,1.0,1.5652642698551583e-05,3.2779637481918956e-05,9.844729828133323e-05,0.18915781944834642,0.49495881978010386,1.2729738329641338,0.0227840814439233,0.07903476973848257,0.1941394263147736,0.0
imported_external_plasma_fields,30,electric_field_aligned_image_sensitivity_v1,relative_flow_screened_collection_orbital_v1,0.00025,287,287,287,287,1.0,1.7731781680077176e-05,3.801007123698712e-05,0.0001117707437470746,0.2070474806834615,0.5753188964610096,1.4049096337067923,0.031828777150739285,0.09950978764640515,0.22951538890837717,0.0
imported_external_plasma_fields,30,electric_field_aligned_image_sensitivity_v1,relative_flow_screened_collection_orbital_v1,0.00026000000000000003,287,287,287,287,1.0,1.9449436814380707e-05,4.398437427575783e-05,0.00012649214939075267,0.23099497326479465,0.6496432084383708,1.395197640703409,0.045848517397701016,0.12001714686890566,0.25481808689783403,0.0
imported_external_plasma_fields,30,electric_field_aligned_image_sensitivity_v1,relative_flow_screened_collection_orbital_v1,0.00027,287,287,287,287,1.0,2.2194583637297777e-05,5.080423196277136e-05,0.00013958717592375196,0.25236933944632095,0.719795757479631,1.4932879021671854,0.06046736664112373,0.14757485401746848,0.2811157321871963,0.0
imported_external_plasma_fields,30,electric_field_aligned_image_sensitivity_v1,relative_flow_screened_collection_orbital_v1,0.00028000000000000003,287,287,287,287,1.0,2.4412637210624953e-05,5.85620357596133e-05,0.00015097308150381798,0.3031073260744436,0.7539939971829377,1.5136957179267687,0.07159562044792267,0.16896558672856313,0.32187715085710294,0.0
imported_external_plasma_fields,30,electric_field_aligned_image_sensitivity_v1,relative_flow_screened_collection_orbital_v1,0.00029,287,287,287,287,1.0,2.7939171721775137e-05,6.702275102559546e-05,0.00016382957807965638,0.3496988780103801,0.8095653308183594,1.5178987879278691,0.0835744489547281,0.19278269439501672,0.34115928452176786,0.0
imported_external_plasma_fields,30,electric_field_aligned_image_sensitivity_v1,relative_flow_screened_collection_orbital_v1,0.00030000000000000003,287,287,287,287,1.0,3.121986832589134e-05,7.544566460417686e-05,0.000178571847214725,0.4142491898557136,0.9668399809520579,1.6734492610270102,0.09839329648659856,0.22039665634342925,0.3612846310300543,0.0
imported_external_plasma_fields,30,electric_field_aligned_image_sensitivity_v1,relative_flow_screened_collection_orbital_v1,0.00031,287,287,287,287,1.0,3.564105674825069e-05,8.417892991151791e-05,0.00019503830928832856,0.5143597396745867,1.1583840560222132,1.8463531363904024,0.11648092865330995,0.2469921710035694,0.382568572611131,0.0
imported_external_plasma_fields,30,electric_field_aligned_image_sensitivity_v1,relative_flow_screened_collection_orbital_v1,0.00032,287,287,287,287,1.0,4.1421957516750115e-05,9.43833935369413e-05,0.0002129708063742813,0.6285552494738541,1.3801579489847755,2.031040284984312,0.13399978436858717,0.26766840957016175,0.4054989686099638,0.0
imported_external_plasma_fields,30,electric_field_aligned_image_sensitivity_v1,relative_flow_screened_collection_orbital_v1,0.00033000000000000005,287,287,287,287,1.0,4.910260566080083e-05,0.00010693684444298485,0.00023307156272520127,0.7581597687573876,1.6680116403729415,2.2408119864035605,0.15300951047958478,0.28582622261335766,0.43118539367870734,0.0
imported_external_plasma_fields,30,electric_field_aligned_image_sensitivity_v1,relative_flow_screened_collection_orbital_v1,0.00034,287,287,287,287,1.0,5.8173129732120974e-05,0.00012385741586343535,0.0002555400913234974,0.9670338605727268,1.9638560148086244,2.480659948638101,0.17325950103126786,0.30850305998938127,0.4606261034164555,0.0
imported_external_plasma_fields,30,electric_field_aligned_image_sensitivity_v1,relative_flow_screened_collection_orbital_v1,0.00035000000000000005,287,287,287,287,1.0,6.928832627555301e-05,0.00014591256988766077,0.0002805411063219834,1.1587274915013444,2.263191191477713,2.7220928769238406,0.18978021490109143,0.33404232587191285,0.4938739476856024,0.0
imported_external_plasma_fields,30,electric_field_aligned_image_sensitivity_v1,relative_flow_screened_collection_orbital_v1,0.00036,287,287,287,287,1.0,8.281621070561759e-05,0.00017146012126797514,0.00030617642831536415,1.4039716354728504,2.6151662155633386,3.0730350814373146,0.20594562606046907,0.3597959223831055,0.5318189450221664,0.0
imported_external_plasma_fields,30,electric_field_aligned_image_sensitivity_v1,relative_flow_screened_collection_orbital_v1,0.00037000000000000005,287,287,287,287,1.0,9.746220646885556e-05,0.00019488354827049343,0.00033356642202906787,1.629405462613769,2.968013899451382,3.626950085594916,0.2224515444369004,0.3890050706187709,0.5730687139585908,0.0
imported_external_plasma_fields,30,electric_field_aligned_image_sensitivity_v1,relative_flow_screened_collection_orbital_v1,0.00038,287,287,287,287,1.0,0.00011885660687399993,0.00022684181697962228,0.0003668693411729123,1.9355699788843748,3.4656320888210748,4.197975155116767,0.24397500199544453,0.4228249202192418,0.6192687763963152,0.0
imported_external_plasma_fields,30,electric_field_aligned_image_sensitivity_v1,relative_flow_screened_collection_orbital_v1,0.00039000000000000005,287,287,287,287,1.0,0.00014176556270259084,0.0002641682045630366,0.0004030475585338358,2.188227597799553,3.808202140422106,4.495550076913916,0.2683468021918003,0.4657947296166569,0.6605883023577339,0.0
imported_external_plasma_fields,30,electric_field_aligned_image_sensitivity_v1,relative_flow_screened_collection_orbital_v1,0.0004,287,287,287,287,1.0,0.0001653020007053294,0.00030453783842494656,0.0004420187886063165,2.4965628692965325,4.078013966929939,4.880183858302,0.29790678499050216,0.4985563097369081,0.7077513987577418,0.0
imported_external_plasma_fields,30,electric_field_aligned_image_sensitivity_v1,relative_flow_screened_collection_orbital_v1,0.00041000000000000005,287,287,287,287,1.0,0.0001936298853832822,0.00035354948698850046,0.0004807088577627036,2.7886979212044722,4.47665031472723,5.334068748848559,0.3251821696156014,0.5340383344408793,0.755458582299857,0.0
imported_external_plasma_fields,30,electric_field_aligned_image_sensitivity_v1,relative_flow_screened_collection_orbital_v1,0.00042,287,287,287,287,1.0,0.00022632953538315775,0.00040170258518563734,0.0005196073891524568,3.0960745809483767,4.882445893555077,5.843149084734739,0.35110610652550633,0.5750063197545019,0.7909931409926172,0.0
imported_external_plasma_fields,30,electric_field_aligned_image_sensitivity_v1,relative_flow_screened_collection_orbital_v1,0.00043000000000000004,287,287,287,287,1.0,0.00026007548894719845,0.0004530966223444697,0.0005597513222158007,3.3972576986927665,5.17927928248476,6.2195645944623905,0.3816852531627859,0.6229521717209651,0.8169171946512945,0.0
imported_external_plasma_fields,30,electric_field_aligned_image_sensitivity_v1,relative_flow_screened_collection_orbital_v1,0.00044,287,287,287,287,1.0,0.0002968960779581758,0.0005079101985444437,0.0006012517681571835,3.683914208844123,5.495410622077583,6.538121142261843,0.4167381503798211,0.6612625990913972,0.8428302821244857,0.0
imported_external_plasma_fields,30,electric_field_aligned_image_sensitivity_v1,relative_flow_screened_collection_orbital_v1,0.00045000000000000004,287,287,287,287,1.0,0.0003357522842413536,0.000562246209853235,0.0006482255463591724,3.906628836454284,5.788116790815268,6.860012514209521,0.44911467160901,0.695166888214655,0.8773069338556249,0.0
imported_external_plasma_fields,30,electric_field_aligned_image_sensitivity_v1,relative_flow_screened_collection_orbital_v1,0.00046,287,287,287,287,1.0,0.0003756861358155132,0.000618110615949322,0.0007028809026010686,4.15960198368772,6.1351188516430355,7.255613245867303,0.48778024919567997,0.7421517077363291,0.9259090193979597,0.0
imported_external_plasma_fields,30,electric_field_aligned_image_sensitivity_v1,relative_flow_screened_collection_orbital_v1,0.00047000000000000004,287,287,287,287,1.0,0.0004189840476668438,0.0006799034811243746,0.000777520197842765,4.404001767287486,6.383934225583895,7.622480297415953,0.5237384349517242,0.7815112312705852,0.9622759540706743,0.0
imported_external_plasma_fields,30,electric_field_aligned_image_sensitivity_v1,relative_flow_screened_collection_orbital_v1,0.00048000000000000007,287,287,287,287,1.0,0.0004639950376799472,0.0007322207208743876,0.000855332628449194,4.5962022201811585,6.61560146154963,7.823479753287548,0.5561117922076164,0.811035373601581,0.9943241089787096,0.0
imported_external_plasma_fields,30,electric_field_aligned_image_sensitivity_v1,relative_flow_screened_collection_orbital_v1,0.0004900000000000001,287,287,287,287,1.0,0.0005028204977543812,0.0007882272391292766,0.000925820768346146,4.789701000688154,6.87544652936566,8.092455287474657,0.591762785696119,0.8456192053281939,1.0216053255831783,0.0
imported_external_plasma_fields,30,electric_field_aligned_image_sensitivity_v1,relative_flow_screened_collection_orbital_v1,0.0005,287,287,287,287,1.0,0.0005552886059362592,0.0008485201596074959,0.0010029091239487809,5.054329462728478,7.138144309841107,8.359495503593827,0.6290504785039559,0.8876507071947487,1.0643956970662753,0.0
imported_external_plasma_fields,30,electric_field_aligned_image_sensitivity_v1,relative_flow_screened_collection_orbital_v1,0.0006,287,287,287,287,1.0,0.0011625677591358416,0.0016299096352103484,0.001928109486626943,6.677669905413263,8.79654573100307,10.195111278130828,0.8907210463385553,1.166636777558449,1.407242727477386,0.0
imported_external_plasma_fields,30,electric_field_aligned_image_sensitivity_v1,relative_flow_screened_collection_orbital_v1,0.0007,287,287,287,287,1.0,0.0018727027284564735,0.002550484327721252,0.00298169664588021,7.690092051934015,9.70108488832912,10.63683775023857,1.0109010304411754,1.379928244777264,1.661630648779145,0.0
imported_external_plasma_fields,30,electric_field_aligned_image_sensitivity_v1,relative_flow_screened_collection_orbital_v1,0.0007999999999999999,287,287,287,287,1.0,0.0026486078569573513,0.003628672498613614,0.0040266433980524,8.273667710744407,12.13110225390149,16.48329352032958,1.2292298390494523,6.967112092387627,9.912450549203022,0.0
imported_external_plasma_fields,30,electric_field_aligned_image_sensitivity_v1,relative_flow_screened_collection_orbital_v1,0.0009,287,287,287,287,1.0,0.0034788759762923787,0.0052770105118930405,0.005827559222403007,8.850795418666864,23.148136807842718,33.46093501595952,1.04133473318997,11.241311622735685,16.355340684527004,0.0
imported_external_plasma_fields,30,electric_field_aligned_image_sensitivity_v1,relative_flow_screened_collection_orbital_v1,0.001,287,287,287,287,1.0,0.004404180425775296,0.008114163516129718,0.009587866803568396,9.742162565414601,38.026501916695615,49.3751390807463,2.1351014207856736,10.412206027178843,14.234741635160004,0.0
imported_external_plasma_fields,30,electric_field_aligned_image_sensitivity_v1,relative_flow_screened_collection_orbital_v1,0.0010999999999999998,287,287,287,287,1.0,0.005377688169152634,0.01223233073146739,0.014826178627970088,12.261755631879636,47.48966280428923,58.11673044686255,3.8913329775480747,8.89772021994561,13.581213356011512,0.0
imported_external_plasma_fields,30,electric_field_aligned_image_sensitivity_v1,relative_flow_screened_collection_orbital_v1,0.0012000000000000001,287,287,287,287,1.0,0.006723441714018776,0.017227111313703636,0.020867973538179947,16.043140657335407,54.05820117954835,64.16012823045584,3.4653781328782856,6.455669128826546,9.969260886418988,0.0
imported_external_plasma_fields,30,electric_field_aligned_image_sensitivity_v1,relative_flow_screened_collection_orbital_v1,0.0013,287,287,287,287,1.0,0.008448028300385204,0.022793828456961537,0.027447224559753517,21.303009939850288,58.45243878004635,67.2477353227167,3.5130064192927506,5.861558695111897,10.348342684306738,0.0
imported_external_plasma_fields,30,electric_field_aligned_image_sensitivity_v1,relative_flow_screened_collection_orbital_v1,0.0014,287,287,287,287,1.0,0.010640241321409187,0.028654430598345052,0.0342254153804733,26.802848224818085,60.07979401671159,67.90711339562198,2.92685719366861,10.388987527613976,14.484438257677349,0.0
imported_external_plasma_fields,30,electric_field_aligned_image_sensitivity_v1,relative_flow_screened_collection_orbital_v1,0.0015,287,287,287,287,1.0,0.013337021972865624,0.034444856039511335,0.04070355827126211,31.29189553057556,59.09175667688792,64.52233482257176,1.812522606943915,13.511688722703848,17.057294544796846,0.0
imported_external_plasma_fields,30,electric_field_aligned_image_sensitivity_v1,relative_flow_screened_collection_orbital_v1,0.0015999999999999999,287,287,287,287,1.0,0.016330561869660636,0.04001590785849368,0.046642473590362735,34.06013827928797,56.03159998316336,59.43079062292251,4.814103871350241,15.884423602959464,18.504884660698405,0.0
imported_external_plasma_fields,30,electric_field_aligned_image_sensitivity_v1,relative_flow_screened_collection_orbital_v1,0.0017000000000000001,287,287,287,287,1.0,0.019483618119560633,0.045191330385105616,0.052007073456817626,35.37269848625034,50.97027857211718,52.70351832782759,7.301837655553143,16.96345687019975,19.67300203514595,0.0
imported_external_plasma_fields,30,electric_field_aligned_image_sensitivity_v1,relative_flow_screened_collection_orbital_v1,0.0018,287,287,287,287,1.0,0.02273950926694567,0.04980527154695737,0.05660657434874769,35.64144810589938,44.419438344553065,46.25206818315057,9.0465194023934,17.71647847764882,20.61131295332337,0.0
imported_external_plasma_fields,30,electric_field_aligned_image_sensitivity_v1,relative_flow_screened_collection_orbital_v1,0.0019000000000000002,287,287,287,287,1.0,0.025944112592867705,0.05343043851722409,0.05998885755281159,34.75180009281631,38.736082608464066,40.60385826847699,10.524519917409762,18.33060518699377,21.318914957252687,0.0
imported_external_plasma_fields,30,electric_field_aligned_image_sensitivity_v1,relative_flow_screened_collection_orbital_v1,0.002,287,287,287,287,1.0,0.02880231865201272,0.05586328555191639,0.06187883955886036,32.25146422249353,35.391043490296106,37.117868269770476,11.585886271456815,18.92769909388206,22.012816659749628,0.0
imported_external_plasma_fields,30,electric_field_aligned_image_sensitivity_v1,relative_flow_screened_collection_orbital_v1,0.0021,287,287,287,287,1.0,0.03136058313271053,0.05724307209367252,0.06299850506479901,30.320895697498326,33.46131715319284,35.01879360396607,12.336292838247076,19.25141129745767,22.37210395200936,0.0
imported_external_plasma_fields,30,electric_field_aligned_image_sensitivity_v1,relative_flow_screened_collection_orbital_v1,0.0022,287,287,287,287,1.0,0.03366764648556699,0.05760361586477481,0.061864910002822286,28.49738897300374,31.833045833236245,39.392401405932574,12.95862804775362,19.200938060864864,22.29724119792444,0.0
imported_external_plasma_fields,30,electric_field_aligned_image_sensitivity_v1,relative_flow_screened_collection_orbital_v1,0.0023,287,287,287,287,1.0,0.035700779267810914,0.056111134552739306,0.06050591191617498,27.559816642442463,30.669398174762488,50.80554000835379,13.428712827865297,19.11429336023659,22.05690798826068,0.0
imported_external_plasma_fields,30,electric_field_aligned_image_sensitivity_v1,relative_flow_screened_collection_orbital_v1,0.0024000000000000002,287,287,287,287,1.0,0.037410203401758546,0.05295812678293528,0.05857578242116411,26.458717344322675,30.246972150093033,57.781296429928204,13.798730173992254,18.53520339850589,20.70089475727101,0.0
imported_external_plasma_fields,30,electric_field_aligned_image_sensitivity_v1,relative_flow_screened_collection_orbital_v1,0.0025,287,287,287,287,1.0,0.03889362501189535,0.05085942424336523,0.05621976585742251,26.769190224943635,37.51208533807741,61.04597130703518,14.058306870503827,17.689633245491137,18.95778188630892,0.0
imported_external_plasma_fields,30,electric_field_aligned_image_sensitivity_v1,relative_flow_screened_collection_orbital_v1,0.0026,287,287,287,287,1.0,0.03973626723621863,0.04829395424374044,0.052600320612099696,26.69976085888402,44.05550042217495,61.95024688697872,14.128525157051257,16.173585624985133,17.111642223765223,0.0
imported_external_plasma_fields,30,electric_field_aligned_image_sensitivity_v1,relative_flow_screened_collection_orbital_v1,0.0027,287,287,287,287,1.0,0.039752472564080994,0.04518165642664038,0.0488218425826197,26.0637123521482,47.951526886310845,61.35276601048342,13.72227979636385,14.714063732140858,15.898430172995909,0.0
imported_external_plasma_fields,30,electric_field_aligned_image_sensitivity_v1,relative_flow_screened_collection_orbital_v1,0.0028,287,287,287,287,1.0,0.0392678541040194,0.04357304439004223,0.04602327351858889,23.909335821014857,49.77691589935501,59.439011398426416,12.742440183064446,13.693029176406124,14.197194436337034,0.0
imported_external_plasma_fields,30,electric_field_aligned_image_sensitivity_v1,relative_flow_screened_collection_orbital_v1,0.0029,287,287,287,287,1.0,0.03844714536651382,0.042633758126901504,0.04438123136411435,21.51846193236263,50.43164859888832,57.14486705308517,11.366226435823151,12.627066132792818,13.084125671079416,0.0
imported_external_plasma_fields,30,electric_field_aligned_image_sensitivity_v1,relative_flow_screened_collection_orbital_v1,0.003,287,287,287,287,1.0,0.038272649026089005,0.04201782256653111,0.043354402872012726,19.279537132636722,50.3066563464904,54.98261275106268,9.686392235244227,11.412091952292236,12.03814307106071,0.0
imported_external_plasma_fields,30,electric_field_aligned_image_sensitivity_v1,relative_flow_screened_collection_orbital_v1,0.0031,287,287,287,287,1.0,0.03750333712907503,0.041483829564788875,0.04253254004739139,18.070935477306698,49.173821059640204,52.071266912616075,7.6154451236132985,9.942608417509296,10.50493849300172,0.0
imported_external_plasma_fields,30,electric_field_aligned_image_sensitivity_v1,relative_flow_screened_collection_orbital_v1,0.0032,287,287,287,287,1.0,0.03655928263449755,0.04087186893504445,0.04186516403827094,16.3121343849809,46.49845509593872,49.80602947674252,5.061055165182694,8.631153626456303,11.342199041122857,0.0
imported_external_plasma_fields,30,electric_field_aligned_image_sensitivity_v1,relative_flow_screened_collection_orbital_v1,0.0033,287,287,287,287,1.0,0.0357827458077633,0.04001889454553534,0.040924937466909804,19.931978783204436,44.327609608517115,47.09832053478342,2.798925659717895,8.962528455303085,12.835178580278637,0.0
imported_external_plasma_fields,30,electric_field_aligned_image_sensitivity_v1,relative_flow_screened_collection_orbital_v1,0.0034,287,287,287,287,1.0,0.034744180602737366,0.03885659563268705,0.0397524445769007,23.865160445031155,41.46901866351129,43.9270886108574,3.2871652214443543,9.493337984949191,14.094887546109593,0.0
imported_external_plasma_fields,30,electric_field_aligned_image_sensitivity_v1,relative_flow_screened_collection_orbital_v1,0.0035,287,287,287,287,1.0,0.033250337760351065,0.037182742156292366,0.03812633706371199,26.94721914803488,38.595202177531135,41.8058168263338,6.431007778132567,11.091818939751636,14.262150302621281,0.0
imported_external_plasma_fields,30,electric_field_aligned_image_sensitivity_v1,relative_flow_screened_collection_orbital_v1,0.0036,287,287,287,287,1.0,0.030945803771714922,0.035068082093762123,0.035993237875579856,29.45739245300118,36.87201577552857,40.491203956439236,9.53794183896504,12.330594373329719,14.852726225814614,0.0
imported_external_plasma_fields,30,electric_field_aligned_image_sensitivity_v1,relative_flow_screened_collection_orbital_v1,0.0037,287,287,287,287,1.0,0.027560375627550877,0.03299929778319543,0.033962269488817566,30.19211001021759,36.68164118337402,38.3056113753697,11.245959845869692,13.63232164835241,14.987992230532575,0.0
imported_external_plasma_fields,30,electric_field_aligned_image_sensitivity_v1,relative_flow_screened_collection_orbital_v1,0.0038,287,287,287,287,1.0,0.023933501414234146,0.030756758090207052,0.032511541327741686,31.713204004828427,36.71876263747085,38.43008993476733,11.845348751390432,14.047293055685824,15.061037541720465,0.0
imported_external_plasma_fields,30,electric_field_aligned_image_sensitivity_v1,relative_flow_screened_collection_orbital_v1,0.0039,287,287,287,287,1.0,0.020032977881358105,0.028301974375245603,0.031031041209829403,31.810253870296545,37.12462414290718,39.23882537378854,11.68295254955558,14.051694900490075,15.09231124205633,0.0
imported_external_plasma_fields,30,electric_field_aligned_image_sensitivity_v1,relative_flow_screened_collection_orbital_v1,0.004,287,287,287,287,1.0,0.016244284386521132,0.025557497753529543,0.02974253051521836,30.56899710639238,37.039462915572216,38.787010638786,10.743719554959739,13.086467720844562,14.198649489778873,0.0
imported_external_plasma_fields,30,electric_field_aligned_image_sensitivity_v1,relative_flow_screened_collection_orbital_v1,0.0041,287,287,287,287,1.0,0.013522365740725632,0.02258908995423102,0.028172663876556765,29.416397838358336,35.78623904915015,37.237208000289584,9.202720823907299,11.521334756889392,12.582486502200029,0.0
imported_external_plasma_fields,30,electric_field_aligned_image_sensitivity_v1,relative_flow_screened_collection_orbital_v1,0.004200000000000001,287,287,287,287,1.0,0.010978207425113183,0.01978109348942626,0.026364725593923534,26.966340274110365,33.86891398893245,35.31573329195249,7.699490920884955,10.02952759902509,10.918010737971887,0.0
imported_external_plasma_fields,30,electric_field_aligned_image_sensitivity_v1,relative_flow_screened_collection_orbital_v1,0.0043,287,287,287,287,1.0,0.008940767101945354,0.01729056591490319,0.024631991657417248,23.189899943392422,31.17266583504817,32.56756790827082,6.189568859792288,8.6389502214613,9.507913571916404,0.0
imported_external_plasma_fields,30,electric_field_aligned_image_sensitivity_v1,relative_flow_screened_collection_orbital_v1,0.0044,287,287,287,287,1.0,0.007053506945157936,0.015583341796753036,0.022892677913649507,20.348993009417015,27.688835112874127,29.154429491367647,5.041660247431139,7.083030768339771,8.050853251121497,0.0
imported_external_plasma_fields,30,electric_field_aligned_image_sensitivity_v1,relative_flow_screened_collection_orbital_v1,0.0045000000000000005,287,287,287,287,1.0,0.00564409040234691,0.013929311822717902,0.02164743961995562,17.885849293502428,24.184658667532595,25.480095866559186,3.853673843333226,5.8231160347635385,8.523302984490265,0.0
imported_external_plasma_fields,30,electric_field_aligned_image_sensitivity_v1,relative_flow_screened_collection_orbital_v1,0.0046,287,287,287,287,1.0,0.004508831900885971,0.013212988279484781,0.02086736389993542,15.224844971221573,20.792327327478997,21.79026551286677,3.0048841179058883,4.894462395947892,9.010008670541266,0.0
imported_external_plasma_fields,30,electric_field_aligned_image_sensitivity_v1,relative_flow_screened_collection_orbital_v1,0.0047,287,287,287,287,1.0,0.004139546985339964,0.012519347035339468,0.020370575761066326,12.74001133589391,17.28851514914392,20.569011979061386,2.5909741580150722,4.870474090945783,9.532236581156099,0.0
imported_external_plasma_fields,30,electric_field_aligned_image_sensitivity_v1,relative_flow_screened_collection_orbital_v1,0.0048000000000000004,287,287,287,287,1.0,0.004186035966486588,0.01217485448449025,0.019914816861670275,9.908372936185707,15.27990874443438,21.674555510926584,1.9644370486742417,5.933393181651595,10.281866400539746,0.0
imported_external_plasma_fields,30,electric_field_aligned_image_sensitivity_v1,relative_flow_screened_collection_orbital_v1,0.0049,287,287,287,287,1.0,0.004464728479179379,0.01203087348365343,0.01966518847917296,7.343970121464364,15.905830148561222,22.250919320248194,1.5067192303131378,6.7584287943550585,10.927267648142076,0.0
imported_external_plasma_fields,30,electric_field_aligned_image_sensitivity_v1,relative_flow_screened_collection_orbital_v1,0.005,287,287,287,287,1.0,0.0050464308079207635,0.011899038141801136,0.01959230353863664,5.150024965710231,16.17425282741929,21.80302293487466,1.024458117913639,7.609905703007449,11.376811943642815,0.0
imported_external_plasma_fields,30,electric_field_aligned_image_sensitivity_v1,relative_flow_screened_collection_orbital_v1,0.006,287,287,287,287,1.0,0.0095748531011128,0.019208314656133277,0.02571032180834878,10.132693864759123,13.34649012144469,14.955997203474727,1.0537406434936116,9.449818212610277,12.597113523432819,0.0
imported_external_plasma_fields,30,electric_field_aligned_image_sensitivity_v1,relative_flow_screened_collection_orbital_v1,0.007,287,287,287,287,1.0,0.01532960672804456,0.018343325043375307,0.02208408314035228,2.884975157775679,7.971038202175926,14.322962611461126,4.151125640139568,9.008663874797271,14.298793637218486,0.0
imported_external_plasma_fields,30,electric_field_aligned_image_sensitivity_v1,relative_flow_screened_collection_orbital_v1,0.008,287,287,287,287,1.0,0.012755057378185213,0.014377607876565113,0.019718477932332997,3.7677999678325147,6.118327561123506,7.824747469667826,5.1298025147275865,7.095261985229231,10.7156768582282,0.0
imported_external_plasma_fields,30,electric_field_aligned_image_sensitivity_v1,relative_flow_screened_collection_orbital_v1,0.009000000000000001,287,287,287,287,1.0,0.01068423171685944,0.01447098220404211,0.022183547821382203,1.8478429323162602,4.5163997903508815,8.716452869799694,3.643772264168632,5.615598082779299,11.043806602823352,0.0
imported_external_plasma_fields,30,electric_field_aligned_image_sensitivity_v1,relative_flow_screened_collection_orbital_v1,0.01,287,287,287,287,1.0,0.010966875967656093,0.015764959206227152,0.023055940094835532,1.967262330368779,4.058590987931999,6.128250896572643,3.2648940260593093,5.674300416222755,10.735326066703784,0.0
imported_external_plasma_fields,30,electric_field_aligned_image_sensitivity_v1,relative_flow_screened_collection_orbital_v1,0.011,287,287,287,287,1.0,0.011344119967505735,0.01639653588017861,0.023251200828374802,1.8661622312480937,3.6458702810443055,5.553755933484233,3.30105134794546,5.733588296443574,9.61520062486636,0.0
imported_external_plasma_fields,30,electric_field_aligned_image_sensitivity_v1,relative_flow_screened_collection_orbital_v1,0.012,287,287,287,287,1.0,0.012740953987699177,0.016028703762704804,0.02522133047191615,1.7721903973573856,3.545562125131122,5.38477993749389,3.3584639635769094,5.294851464723533,9.291932755476486,0.0
imported_external_plasma_fields,30,electric_field_aligned_image_sensitivity_v1,relative_flow_screened_collection_orbital_v1,0.013000000000000001,287,287,287,287,1.0,0.012767729065959937,0.016903138415642362,0.026519798891832966,1.5402080572225358,2.827316747495446,4.30690717124418,3.3819885449027396,5.194686953684892,8.848206630636769,0.0
imported_external_plasma_fields,30,electric_field_aligned_image_sensitivity_v1,relative_flow_screened_collection_orbital_v1,0.014,287,287,287,287,1.0,0.01250505459313617,0.017260745620023308,0.02697618556348354,1.1719971541265912,2.439478873384419,3.625273479058798,3.2196680651005067,5.039886354727896,8.180287794302417,0.0
imported_external_plasma_fields,30,electric_field_aligned_image_sensitivity_v1,relative_flow_screened_collection_orbital_v1,0.015000000000000001,287,287,287,287,1.0,0.012177688430614786,0.018411507190848424,0.027596321912342122,1.0705581226320073,1.9990437790854825,3.606609518228111,3.139803950473919,4.92779063017295,8.541330427882187,0.0
imported_external_plasma_fields,30,electric_field_aligned_image_sensitivity_v1,relative_flow_screened_collection_orbital_v1,0.016,287,287,287,287,1.0,0.012372643139561414,0.018383783365718016,0.02792138800869749,0.9698002500673741,1.9417853256285618,2.8301279504749832,3.1096803793239474,4.881141911244175,8.350436674081909,0.0
imported_external_plasma_fields,30,electric_field_aligned_image_sensitivity_v1,relative_flow_screened_collection_orbital_v1,0.017,287,287,287,287,1.0,0.012764973514011055,0.01856394002919425,0.027989861220407575,0.9027780094011121,1.778704790079578,2.9691025550734595,3.2497922146316824,4.895955083690348,8.721801138984418,0.0
imported_external_plasma_fields,30,electric_field_aligned_image_sensitivity_v1,relative_flow_screened_collection_orbital_v1,0.018000000000000002,287,287,287,287,1.0,0.012873865437354805,0.019372059783843782,0.028103506443087272,0.8307615072185642,1.760130047253463,2.7324458499408446,3.345044187196052,5.075951327384111,8.749864475175618,0.0
imported_external_plasma_fields,30,electric_field_aligned_image_sensitivity_v1,relative_flow_screened_collection_orbital_v1,0.019000000000000003,287,287,287,287,1.0,0.012765963552129098,0.01952272941090711,0.028807460513358137,0.8635151774361357,1.719036864266308,2.9955334609856683,3.2851957440360025,5.192740821789876,8.277124045784669,0.0
imported_external_plasma_fields,30,electric_field_aligned_image_sensitivity_v1,relative_flow_screened_collection_orbital_v1,0.02,287,287,287,287,1.0,0.012783072651387081,0.019764231936114672,0.0295375496718321,0.7853933947478824,1.69687732405449,2.751620772799881,3.2824497095330543,5.558851719795117,8.69477710477325,0.0
imported_external_plasma_fields,30,electric_field_aligned_image_sensitivity_v1,relative_flow_screened_collection_orbital_v1,0.020999999999999998,287,287,287,287,1.0,0.012894967171103602,0.02079637634872274,0.03162600907727381,0.7456876958358774,1.6068372309162575,3.0037258959158604,3.367535160404998,5.463264192325568,8.453809068501243,0.0
imported_external_plasma_fields,30,electric_field_aligned_image_sensitivity_v1,relative_flow_screened_collection_orbital_v1,0.022,287,287,287,287,1.0,0.012881876061215315,0.021539116301216254,0.03187394407490219,0.7658935268559084,1.4034403452887747,2.733518831449822,3.418512747062053,5.761279917850489,8.77621677718795,0.0
imported_external_plasma_fields,30,electric_field_aligned_image_sensitivity_v1,relative_flow_screened_collection_orbital_v1,0.023,287,287,287,287,1.0,0.012943634627585656,0.021669059413885958,0.031060874533146893,0.7524743407725307,1.5079563908677804,2.7126255157296835,3.4695547003551894,5.673874624723604,8.672336785829366,0.0
imported_external_plasma_fields,30,electric_field_aligned_image_sensitivity_v1,relative_flow_screened_collection_orbital_v1,0.024,287,287,287,287,1.0,0.012884322033768889,0.022787186058420658,0.030615835676950042,0.7601543623696544,1.520124950850312,2.9534530458805,3.5200216340935953,5.7064824092025335,8.747256358952226,0.0
imported_external_plasma_fields,30,electric_field_aligned_image_sensitivity_v1,relative_flow_screened_collection_orbital_v1,0.025,287,287,287,287,1.0,0.012993319017837365,0.023831776123961396,0.03145791362766724,0.7079792372141398,1.6125427037776663,2.9462942782989607,3.431044865959933,5.666448719388843,9.216155380753863,0.0
imported_external_plasma_fields,30,electric_field_aligned_image_sensitivity_v1,relative_flow_screened_collection_orbital_v1,0.026000000000000002,287,287,287,287,1.0,0.013117376987561226,0.023580655231743273,0.03250347073448898,0.6959503270653357,1.5351376578131026,3.140579990534934,3.5448210421573663,5.9804617880294915,8.958653832301685,0.0
imported_external_plasma_fields,30,electric_field_aligned_image_sensitivity_v1,relative_flow_screened_collection_orbital_v1,0.027000000000000003,287,287,287,287,1.0,0.013148644942547196,0.024632480317265264,0.03386041808495779,0.6914989912792581,1.392607426084203,2.9829981057552977,3.6459715623112174,6.020043258881601,9.142473062737427,0.0
imported_external_plasma_fields,30,electric_field_aligned_image_sensitivity_v1,relative_flow_screened_collection_orbital_v1,0.027999999999999997,287,287,287,287,1.0,0.01315103805839475,0.02438862434725281,0.03386431303599127,0.692246545870694,1.6070480094585637,2.490714774161651,3.6286136240531306,5.968432768397592,8.89021794837015,0.0
imported_external_plasma_fields,30,electric_field_aligned_image_sensitivity_v1,relative_flow_screened_collection_orbital_v1,0.028999999999999998,287,287,287,287,1.0,0.013094866520050794,0.02441349909349067,0.03352117504414039,0.7410671838003109,1.5570286741058694,2.6977729653225997,3.7239149934983686,6.23507089216427,8.969858765885139,0.0
imported_external_plasma_fields,30,electric_field_aligned_image_sensitivity_v1,relative_flow_screened_collection_orbital_v1,0.03,287,287,287,287,1.0,0.013136954601672877,0.025235909951195255,0.03303373537592843,0.7015916791940972,1.651990843336844,3.2397611780341675,3.7756809733617587,6.146162382992399,9.277523334611246,0.0
imported_external_plasma_fields,100,electric_field_aligned_image_sensitivity_v1,relative_flow_screened_collection_orbital_v1,0.0,287,287,287,287,1.0,0.0,0.0,0.0,0.0,0.0,0.0,0.0,0.0,0.0,0.0
imported_external_plasma_fields,100,electric_field_aligned_image_sensitivity_v1,relative_flow_screened_collection_orbital_v1,1e-05,287,287,287,287,1.0,2.0025427048740687e-09,3.4307203805455036e-09,8.893065402142548e-09,0.0005352255042404277,0.00091631577278805,0.002535775357354695,4.997481504176449e-07,3.938521426150044e-06,2.076300369097337e-05,0.0
imported_external_plasma_fields,100,electric_field_aligned_image_sensitivity_v1,relative_flow_screened_collection_orbital_v1,2e-05,287,287,287,287,1.0,1.311614146668277e-08,2.28240701828127e-08,6.416486829533795e-08,0.0018024407048056927,0.003177833074373461,0.009128705059646698,6.00021334662415e-06,4.836532584988632e-05,0.0002348769016700199,0.0
imported_external_plasma_fields,100,electric_field_aligned_image_sensitivity_v1,relative_flow_screened_collection_orbital_v1,3.0000000000000004e-05,287,287,287,287,1.0,4.0524398269050626e-08,7.143436131621461e-08,2.0255431083507606e-07,0.0037908678702246235,0.0067637119362184885,0.01906002960954629,2.7113164682290858e-05,0.00020977438072193935,0.0009361284434336866,0.0
imported_external_plasma_fields,100,electric_field_aligned_image_sensitivity_v1,relative_flow_screened_collection_orbital_v1,4e-05,287,287,287,287,1.0,9.119864495500949e-08,1.62434560965999e-07,4.5479385865724656e-07,0.006500750933162967,0.011654952937656662,0.03182738030109948,7.970479330765556e-05,0.0005874122960747754,0.0024279974264462077,0.0
imported_external_plasma_fields,100,electric_field_aligned_image_sensitivity_v1,relative_flow_screened_collection_orbital_v1,5e-05,287,287,287,287,1.0,1.7254276125792044e-07,3.088242670833736e-07,8.473070674106365e-07,0.009899391324375261,0.017819779074411003,0.04706124969475683,0.0001863111111113369,0.0012928887046285834,0.004993497323537206,0.0
imported_external_plasma_fields,100,electric_field_aligned_image_sensitivity_v1,relative_flow_screened_collection_orbital_v1,6.000000000000001e-05,287,287,287,287,1.0,2.913112505038633e-07,5.233343173238042e-07,1.4032899391693056e-06,0.013962972859459338,0.025263680021949626,0.06447994335462164,0.00035895496258220305,0.002444768456193462,0.008890941030062709,0.0
imported_external_plasma_fields,100,electric_field_aligned_image_sensitivity_v1,relative_flow_screened_collection_orbital_v1,7.000000000000001e-05,287,287,287,287,1.0,4.539855394062223e-07,8.180562690309631e-07,2.1434457128679838e-06,0.018664577377819517,0.03380720462190836,0.08386314692451516,0.0006512221151879771,0.0041660609046616105,0.014355725508204084,0.0
imported_external_plasma_fields,100,electric_field_aligned_image_sensitivity_v1,relative_flow_screened_collection_orbital_v1,8e-05,287,287,287,287,1.0,6.66628474199944e-07,1.206149057079615e-06,3.086509493089962e-06,0.02413760273557875,0.043675950919872204,0.1050353072266971,0.001080847692946918,0.0065833982703623,0.021603508708496665,0.0
imported_external_plasma_fields,100,electric_field_aligned_image_sensitivity_v1,relative_flow_screened_collection_orbital_v1,9e-05,287,287,287,287,1.0,9.36159431785035e-07,1.6983595085799584e-06,4.249636766998228e-06,0.030303442891717085,0.05470280377997922,0.12785448137546468,0.0016767508758945837,0.00982732511367033,0.03056964537396822,0.0
imported_external_plasma_fields,100,electric_field_aligned_image_sensitivity_v1,relative_flow_screened_collection_orbital_v1,0.0001,287,287,287,287,1.0,1.2738169253112546e-06,2.300050906784267e-06,5.648698714637202e-06,0.036989741805671904,0.06691266468299362,0.15220475074299106,0.002404223393895677,0.014023037204435698,0.042025944453109476,0.0
imported_external_plasma_fields,100,electric_field_aligned_image_sensitivity_v1,relative_flow_screened_collection_orbital_v1,0.00011,287,287,287,287,1.0,1.6848822351108292e-06,3.0336842969084205e-06,7.2985151328521185e-06,0.04401557089489745,0.08016628161026501,0.17799106952197682,0.0033854336111858174,0.01928030513428497,0.056525215621483896,0.0
imported_external_plasma_fields,100,electric_field_aligned_image_sensitivity_v1,relative_flow_screened_collection_orbital_v1,0.00012000000000000002,287,287,287,287,1.0,2.1738797404364865e-06,3.908307308215673e-06,9.213043369913868e-06,0.05190411188156357,0.09445820438385773,0.20513527932712616,0.004670101832083162,0.025755980982359032,0.07440312488106056,0.0
imported_external_plasma_fields,100,electric_field_aligned_image_sensitivity_v1,relative_flow_screened_collection_orbital_v1,0.00013000000000000002,287,287,287,287,1.0,2.743651779790124e-06,4.931197870992008e-06,1.1405534363286249e-05,0.060321783272163074,0.10988025235085608,0.2335741403790272,0.006335400723564533,0.03359826232507151,0.09565505440001117,0.0
imported_external_plasma_fields,100,electric_field_aligned_image_sensitivity_v1,relative_flow_screened_collection_orbital_v1,0.00014000000000000001,287,287,287,287,1.0,3.3787917594711354e-06,6.109246875752171e-06,1.3888663663749954e-05,0.06891493683237351,0.12589027921812504,0.2632551114840744,0.008401412989954338,0.043321048850947425,0.11993326256447061,0.0
imported_external_plasma_fields,100,electric_field_aligned_image_sensitivity_v1,relative_flow_screened_collection_orbital_v1,0.00015000000000000001,287,287,287,287,1.0,4.1010666601987116e-06,7.454431632103285e-06,1.6674638710618466e-05,0.07781808086796181,0.14308340911679227,0.294137155974352,0.010433625310035666,0.054983641026976296,0.14568259847361958,0.0
imported_external_plasma_fields,100,electric_field_aligned_image_sensitivity_v1,relative_flow_screened_collection_orbital_v1,0.00016,287,287,287,287,1.0,4.944462597241864e-06,8.975595754320848e-06,1.9775297383494867e-05,0.08623621926025025,0.1609524701328344,0.32618697664560853,0.012876400432276114,0.06882581055326692,0.17488011418184043,0.0
imported_external_plasma_fields,100,electric_field_aligned_image_sensitivity_v1,relative_flow_screened_collection_orbital_v1,0.00017,287,287,287,287,1.0,5.8945850957710745e-06,1.0681088380132953e-05,2.320218737095166e-05,0.09596067089007314,0.17973750852721035,0.35937989366059453,0.016234652678278394,0.08514021150789984,0.20054835217875494,0.0
imported_external_plasma_fields,100,electric_field_aligned_image_sensitivity_v1,relative_flow_screened_collection_orbital_v1,0.00018,287,287,287,287,1.0,6.921359520905642e-06,1.2578771321262539e-05,2.6966642217424394e-05,0.10647158006948364,0.20003671184395547,0.3936975511183791,0.020063575611061424,0.10425752427154307,0.24112687674369165,0.0
imported_external_plasma_fields,100,electric_field_aligned_image_sensitivity_v1,relative_flow_screened_collection_orbital_v1,0.00019,287,287,287,287,1.0,7.965114190168877e-06,1.4675055205174971e-05,3.107984852349976e-05,0.11712258757374472,0.22128551791718845,0.42912864879531576,0.024275336294365957,0.12199416850432995,0.28061393749486563,0.0
imported_external_plasma_fields,100,electric_field_aligned_image_sensitivity_v1,relative_flow_screened_collection_orbital_v1,0.0002,287,287,287,287,1.0,9.24334124094207e-06,1.689928902932438e-05,3.555290357530255e-05,0.12435658280619133,0.24313791820482145,0.46566674263313323,0.029835769910462773,0.14218890531392467,0.3099535548281953,0.0
imported_external_plasma_fields,100,electric_field_aligned_image_sensitivity_v1,relative_flow_screened_collection_orbital_v1,0.00021,287,287,287,287,1.0,1.054124968879291e-05,1.9391653519500324e-05,4.039687275585335e-05,0.1360349441415155,0.26377037799468966,0.503311795979585,0.03679843546554196,0.1682127676594813,0.3521437081149224,0.0
imported_external_plasma_fields,100,electric_field_aligned_image_sensitivity_v1,relative_flow_screened_collection_orbital_v1,0.00022,287,287,287,287,1.0,1.2038319618924083e-05,2.2070828352580567e-05,4.5622843530448505e-05,0.14499518285158228,0.2795877791005559,0.542068293036806,0.043600473344113766,0.19779353906746583,0.4029279110774695,0.0
imported_external_plasma_fields,100,electric_field_aligned_image_sensitivity_v1,relative_flow_screened_collection_orbital_v1,0.00023,287,287,287,287,1.0,1.3655556164558728e-05,2.502921567173813e-05,5.124196985562089e-05,0.15637444492260366,0.30254131956946395,0.5819446090130954,0.05010419980874303,0.23043766097039384,0.4585006606115364,0.0
imported_external_plasma_fields,100,electric_field_aligned_image_sensitivity_v1,relative_flow_screened_collection_orbital_v1,0.00024000000000000003,287,287,287,287,1.0,1.534051947545858e-05,2.813364787809749e-05,5.726551770224778e-05,0.1693617964065062,0.32736374086468173,0.6229555444400574,0.05902115275601716,0.2626657449260181,0.5149309818536681,0.0
imported_external_plasma_fields,100,electric_field_aligned_image_sensitivity_v1,relative_flow_screened_collection_orbital_v1,0.00025,287,287,287,287,1.0,1.73104308174507e-05,3.104146191639811e-05,6.370491790680366e-05,0.18099666737816694,0.3327527772891881,0.6651181917188046,0.06635340536250567,0.2986509529767049,0.5526289675186078,0.0
imported_external_plasma_fields,100,electric_field_aligned_image_sensitivity_v1,relative_flow_screened_collection_orbital_v1,0.00026000000000000003,287,287,287,287,1.0,1.8895513247345975e-05,3.374841804681476e-05,7.057179171666716e-05,0.19348398793517832,0.3598016076892466,0.7084540939841659,0.07582967155654785,0.33888728742838486,0.5880143095873495,0.0
imported_external_plasma_fields,100,electric_field_aligned_image_sensitivity_v1,relative_flow_screened_collection_orbital_v1,0.00027,287,287,287,287,1.0,2.0798759075879796e-05,3.7549144411953854e-05,7.787799869949318e-05,0.20220626217994012,0.38475365341753626,0.7529897023853626,0.0843576669199706,0.38157104992230995,0.6492252180074285,0.0
imported_external_plasma_fields,100,electric_field_aligned_image_sensitivity_v1,relative_flow_screened_collection_orbital_v1,0.00028000000000000003,287,287,287,287,1.0,2.2649335148874093e-05,4.101278869244941e-05,8.563567757741715e-05,0.207244029332334,0.4060582678957556,0.798753804954403,0.09698667829908914,0.42784877866340093,0.7217525585209811,0.0
imported_external_plasma_fields,100,electric_field_aligned_image_sensitivity_v1,relative_flow_screened_collection_orbital_v1,0.00029,287,287,287,287,1.0,2.465261808553181e-05,4.500711458917787e-05,9.385729341709134e-05,0.22083585383538087,0.4155548639345621,0.8457830785626519,0.1053907820485449,0.4760575451051979,0.806025789322274,0.0
imported_external_plasma_fields,100,electric_field_aligned_image_sensitivity_v1,relative_flow_screened_collection_orbital_v1,0.00030000000000000003,287,287,287,287,1.0,2.701211689127624e-05,4.88222487295734e-05,0.00010255567618039287,0.2323243832110157,0.43085111978111046,0.8941141912929099,0.11392495735225339,0.535895874856368,0.8497645330773674,0.0
imported_external_plasma_fields,100,electric_field_aligned_image_sensitivity_v1,relative_flow_screened_collection_orbital_v1,0.00031,287,287,287,287,1.0,2.963068168751861e-05,5.278359246179787e-05,0.00011174404948949503,0.2426308636536664,0.4385380740991754,0.9437882672632867,0.12080623082900388,0.5770091525890965,0.9120239795054356,0.0
imported_external_plasma_fields,100,electric_field_aligned_image_sensitivity_v1,relative_flow_screened_collection_orbital_v1,0.00032,287,287,287,287,1.0,3.2445121906995585e-05,5.71868115327487e-05,0.00012143607237340453,0.23421394441929985,0.45097797550987867,0.9948518338431438,0.138117079278544,0.6369522848477694,0.9830653757520118,0.0
imported_external_plasma_fields,100,electric_field_aligned_image_sensitivity_v1,relative_flow_screened_collection_orbital_v1,0.00033000000000000005,287,287,287,287,1.0,3.50143466264762e-05,6.175306997982374e-05,0.00013164588641148816,0.24944205378470558,0.4677175263096918,1.0473547733577542,0.12944211053955712,0.7188760354230748,1.0790339600663585,0.0
imported_external_plasma_fields,100,electric_field_aligned_image_sensitivity_v1,relative_flow_screened_collection_orbital_v1,0.00034,287,287,287,287,1.0,3.764233456204985e-05,6.643181840520853e-05,0.00014238815247662873,0.2490115495451884,0.48163660154819726,1.101353324157473,0.13987647366477063,0.8154392780550674,1.1817958297395528,0.0
imported_external_plasma_fields,100,electric_field_aligned_image_sensitivity_v1,relative_flow_screened_collection_orbital_v1,0.00035000000000000005,287,287,287,287,1.0,4.0367333885436004e-05,7.099426908181186e-05,0.00015367811616511976,0.26025360720286594,0.5024893678142729,1.1569035334230575,0.15019006948260483,0.8754823395450009,1.2917482168114605,0.0
imported_external_plasma_fields,100,electric_field_aligned_image_sensitivity_v1,relative_flow_screened_collection_orbital_v1,0.00036,287,287,287,287,1.0,4.328801464519876e-05,7.455273866654006e-05,0.00016553160922501978,0.26137303944774953,0.5017273452976809,1.2140693673397285,0.16487187605375198,0.9271150739948298,1.4093140078999413,0.0
imported_external_plasma_fields,100,electric_field_aligned_image_sensitivity_v1,relative_flow_screened_collection_orbital_v1,0.00037000000000000005,287,287,287,287,1.0,4.66548193604962e-05,7.866386739257053e-05,0.00017796513012565977,0.2685074436469162,0.5190689873532336,1.2729224040874574,0.18417629503750277,1.0110228078075312,1.5301615433487967,0.0
imported_external_plasma_fields,100,electric_field_aligned_image_sensitivity_v1,relative_flow_screened_collection_orbital_v1,0.00038,287,287,287,287,1.0,5.002237328610756e-05,8.329300285207521e-05,0.0001909959019169044,0.28043929509417054,0.5340845918517284,1.3335308292286239,0.23837421057322672,1.091152357191403,1.6561702603902442,0.0
imported_external_plasma_fields,100,electric_field_aligned_image_sensitivity_v1,relative_flow_screened_collection_orbital_v1,0.00039000000000000005,287,287,287,287,1.0,5.295898664711652e-05,8.787757131860263e-05,0.00020464809960777744,0.29018947656443916,0.5714192381891938,1.3977490062251943,0.31074732284389484,1.1636585974219316,1.7895392009617326,0.0
imported_external_plasma_fields,100,electric_field_aligned_image_sensitivity_v1,relative_flow_screened_collection_orbital_v1,0.0004,287,287,287,287,1.0,5.580168327795049e-05,9.319443624322533e-05,0.00021895347024113775,0.3026750532953205,0.6013126011914105,1.4647878595984856,0.4120092512103213,1.2739990948465847,1.9287578909266274,0.0
imported_external_plasma_fields,100,electric_field_aligned_image_sensitivity_v1,relative_flow_screened_collection_orbital_v1,0.00041000000000000005,287,287,287,287,1.0,5.9222360065185604e-05,9.8358220661798e-05,0.00023393323688730228,0.3203714800655713,0.6483931471337427,1.534359514905424,0.5301157678031245,1.4191606449760517,2.073963972301303,0.0
imported_external_plasma_fields,100,electric_field_aligned_image_sensitivity_v1,relative_flow_screened_collection_orbital_v1,0.00042,287,287,287,287,1.0,6.307073227532685e-05,0.00010391332060073661,0.00024961028563151236,0.3269596133889373,0.6959180977898337,1.605854850484975,0.652769845905766,1.588964326436542,2.227297867553267,0.0
imported_external_plasma_fields,100,electric_field_aligned_image_sensitivity_v1,relative_flow_screened_collection_orbital_v1,0.00043000000000000004,287,287,287,287,1.0,6.526175421548446e-05,0.00011014140380458035,0.00026599211202535774,0.34460035316274257,0.7292259917980584,1.6765216830298726,0.8219952661720811,1.6958864833986926,2.380227036023349,0.0
imported_external_plasma_fields,100,electric_field_aligned_image_sensitivity_v1,relative_flow_screened_collection_orbital_v1,0.00044,287,287,287,287,1.0,6.829552332357207e-05,0.00011694053396220556,0.00028309349103359675,0.36694872783545845,0.7315347400308405,1.7495159863754355,0.9850999332128936,1.8130493054835035,2.5523836673624416,0.0
imported_external_plasma_fields,100,electric_field_aligned_image_sensitivity_v1,relative_flow_screened_collection_orbital_v1,0.00045000000000000004,287,287,287,287,1.0,7.089863573636376e-05,0.00012462203634698444,0.0003009381283281914,0.388738625725526,0.7837552245355422,1.8249506584451833,1.1475521096143382,1.9791152514127317,2.742095087773231,0.0
imported_external_plasma_fields,100,electric_field_aligned_image_sensitivity_v1,relative_flow_screened_collection_orbital_v1,0.00046,287,287,287,287,1.0,7.559014766031777e-05,0.00013206867249252548,0.0003195509765474134,0.4237548845583409,0.8449499688003395,1.9029532635215216,1.2476320846249394,2.1627532347531484,2.9397990591831547,0.0
imported_external_plasma_fields,100,electric_field_aligned_image_sensitivity_v1,relative_flow_screened_collection_orbital_v1,0.00047000000000000004,287,287,287,287,1.0,8.085322728060745e-05,0.0001391218514957151,0.00033895826304781757,0.4663114166777409,0.9368330881054037,1.9836574819936943,1.3758375855844918,2.309955483692642,3.144120649921881,0.0
imported_external_plasma_fields,100,electric_field_aligned_image_sensitivity_v1,relative_flow_screened_collection_orbital_v1,0.00048000000000000007,287,287,287,287,1.0,8.626978915076807e-05,0.0001490777330255275,0.00035918758984908485,0.5070663435035305,1.0510473410262862,2.0671958812693894,1.4894440329905478,2.4420358148504713,3.359281246948778,0.0
imported_external_plasma_fields,100,electric_field_aligned_image_sensitivity_v1,relative_flow_screened_collection_orbital_v1,0.0004900000000000001,287,287,287,287,1.0,9.187197143778033e-05,0.00016031274091823114,0.00038026803735198263,0.5750044735588062,1.1587173344826607,2.153734547733341,1.575200794971039,2.5549255736814187,3.5808187223364403,0.0
imported_external_plasma_fields,100,electric_field_aligned_image_sensitivity_v1,relative_flow_screened_collection_orbital_v1,0.0005,287,287,287,287,1.0,9.871797359819284e-05,0.00017298035890194187,0.00040223026459482294,0.6367292913348608,1.2301295754044967,2.2434166823827484,1.6718991489792643,2.646570152243805,3.749302181902534,0.0
imported_external_plasma_fields,100,electric_field_aligned_image_sensitivity_v1,relative_flow_screened_collection_orbital_v1,0.0006,287,287,287,287,1.0,0.0002163098737666904,0.0003787216540060112,0.0006260657910061266,1.5421968077573103,3.1172462251010633,3.627454565199681,2.455709712393798,3.360719487374741,5.055402492514151,0.0
imported_external_plasma_fields,100,electric_field_aligned_image_sensitivity_v1,relative_flow_screened_collection_orbital_v1,0.0007,287,287,287,287,1.0,0.00043990393519715204,0.0008024080142782373,0.0009330565771690807,3.066782781852298,5.458253106112903,6.2924565050056955,3.1456798400346315,4.37019871683564,6.135605539336102,0.0
imported_external_plasma_fields,100,electric_field_aligned_image_sensitivity_v1,relative_flow_screened_collection_orbital_v1,0.0007999999999999999,287,287,287,287,1.0,0.0008306048228179212,0.001407012846713897,0.0016101988614786531,4.774100877305242,7.104679262003744,8.163525704677815,3.636217107844004,5.402702526019865,7.763648794945747,0.0
imported_external_plasma_fields,100,electric_field_aligned_image_sensitivity_v1,relative_flow_screened_collection_orbital_v1,0.0009,287,287,287,287,1.0,0.001385230028150988,0.00216038028427853,0.002498944587374316,6.138705281811742,8.290697538822084,9.469503708515326,4.0721971331960845,6.726935357160996,9.617119954912765,0.0
imported_external_plasma_fields,100,electric_field_aligned_image_sensitivity_v1,relative_flow_screened_collection_orbital_v1,0.001,287,287,287,287,1.0,0.0020632232357298127,0.003020192599427871,0.003498811638958546,7.197819012388193,9.163810230661747,10.47188742093426,4.916583129047069,7.496519364409097,10.03389190625269,0.0
imported_external_plasma_fields,100,electric_field_aligned_image_sensitivity_v1,relative_flow_screened_collection_orbital_v1,0.0010999999999999998,287,287,287,287,1.0,0.002845668343218728,0.003968299324153166,0.004571919496982836,7.954943026337463,9.841106533173706,11.094362005965346,5.906443123819713,11.508219734459196,23.765936492376873,0.0
imported_external_plasma_fields,100,electric_field_aligned_image_sensitivity_v1,relative_flow_screened_collection_orbital_v1,0.0012000000000000001,287,287,287,287,1.0,0.0036990269661802996,0.004971060226421841,0.005701990419091973,8.697962493468001,10.166520881563965,11.497294104192667,5.541731186894367,40.663362316460585,63.367569985205975,0.0
imported_external_plasma_fields,100,electric_field_aligned_image_sensitivity_v1,relative_flow_screened_collection_orbital_v1,0.0013,287,287,287,287,1.0,0.0046228729797289266,0.005993425030876687,0.006847941080708291,9.185074008522847,10.884423108163709,11.579402238730442,4.966756629560109,69.97156976105909,92.1850431777199,0.0
imported_external_plasma_fields,100,electric_field_aligned_image_sensitivity_v1,relative_flow_screened_collection_orbital_v1,0.0014,287,287,287,287,1.0,0.0055224868711848335,0.0071215357301776415,0.007984854789724945,9.647729645241363,11.781114013665203,14.225314790025923,8.40637389872336,85.80919599179737,114.90033844080867,0.0
imported_external_plasma_fields,100,electric_field_aligned_image_sensitivity_v1,relative_flow_screened_collection_orbital_v1,0.0015,287,287,287,287,1.0,0.006476658056365298,0.008531295344178659,0.009161455752278823,9.985801872621717,13.83271435087702,18.494541646600386,15.492776568400075,81.04689810218663,113.20407394337668,0.0
imported_external_plasma_fields,100,electric_field_aligned_image_sensitivity_v1,relative_flow_screened_collection_orbital_v1,0.0015999999999999999,287,287,287,287,1.0,0.007453282042690973,0.010077864964872445,0.010622119728338758,10.274952099286986,16.56131654621441,23.395728021804974,22.12923041659684,71.82482266305176,115.70029686500223,0.0
imported_external_plasma_fields,100,electric_field_aligned_image_sensitivity_v1,relative_flow_screened_collection_orbital_v1,0.0017000000000000001,287,287,287,287,1.0,0.008488725575460617,0.011802523736585566,0.012989851125837405,10.52422892766699,19.854678612203173,28.07323473034543,24.993491422355532,68.48842775126411,111.93437198830753,0.0
imported_external_plasma_fields,100,electric_field_aligned_image_sensitivity_v1,relative_flow_screened_collection_orbital_v1,0.0018,287,287,287,287,1.0,0.009571345795005,0.01378387022119279,0.01577812362427873,10.702852635786295,23.14827397169828,33.219678174348395,28.658261592029305,67.12782947645249,94.86948011182461,0.0
imported_external_plasma_fields,100,electric_field_aligned_image_sensitivity_v1,relative_flow_screened_collection_orbital_v1,0.0019000000000000002,287,287,287,287,1.0,0.010668273873514475,0.016051256580922255,0.019168488789039692,10.81337351995502,26.66287305910259,37.19050145163885,33.58033892575395,64.84674210788738,83.24240125047038,0.0
imported_external_plasma_fields,100,electric_field_aligned_image_sensitivity_v1,relative_flow_screened_collection_orbital_v1,0.002,287,287,287,287,1.0,0.011738767275067024,0.018674011796310643,0.022969056459130638,11.003237390586328,30.31688864008236,41.67888885322641,38.9530043918985,66.96919705623189,86.05056132271633,0.0
imported_external_plasma_fields,100,electric_field_aligned_image_sensitivity_v1,relative_flow_screened_collection_orbital_v1,0.0021,287,287,287,287,1.0,0.012912557730476549,0.021686617547407652,0.027153940642870706,11.275315266618378,33.72750523361794,45.684909354542484,44.625505065556524,76.07424462964256,111.95907948104077,0.0
imported_external_plasma_fields,100,electric_field_aligned_image_sensitivity_v1,relative_flow_screened_collection_orbital_v1,0.0022,287,287,287,287,1.0,0.014057051373937703,0.025044635983885014,0.03163551751997454,11.72478126349681,36.788842957486665,48.20224403085947,48.36036433009696,82.99408397282846,134.01385409764896,0.0
imported_external_plasma_fields,100,electric_field_aligned_image_sensitivity_v1,relative_flow_screened_collection_orbital_v1,0.0023,287,287,287,287,1.0,0.015301744800793066,0.028694555002734323,0.03632081704995636,12.370386431685166,39.42793806479595,50.020664117146055,50.95957943793479,101.30638755404082,139.73995893100215,0.0
imported_external_plasma_fields,100,electric_field_aligned_image_sensitivity_v1,relative_flow_screened_collection_orbital_v1,0.0024000000000000002,287,287,287,287,1.0,0.01649533283227848,0.032593182787708626,0.04112072726661306,13.235663843609688,40.867716494483645,51.248555903750876,54.36087222440028,111.83526898668723,146.70881358727743,0.0
imported_external_plasma_fields,100,electric_field_aligned_image_sensitivity_v1,relative_flow_screened_collection_orbital_v1,0.0025,287,287,287,287,1.0,0.01764803245716544,0.03668421771370286,0.04596782050398939,14.218658341896704,42.06759589168141,52.01770881344511,54.47295464076615,115.33712753907973,150.38361028630766,0.0
imported_external_plasma_fields,100,electric_field_aligned_image_sensitivity_v1,relative_flow_screened_collection_orbital_v1,0.0026,287,287,287,287,1.0,0.019127787742727716,0.04087747504196027,0.05088786559702025,15.177811508068347,43.166288708612306,51.72984741674858,54.0348589956904,119.62114136893196,151.06993871993924,0.0
imported_external_plasma_fields,100,electric_field_aligned_image_sensitivity_v1,relative_flow_screened_collection_orbital_v1,0.0027,287,287,287,287,1.0,0.020659680769416235,0.04489711975000169,0.05576817258054807,16.252124764438815,43.79434547093286,50.90460774283174,53.402137493224245,124.82212872601909,148.2887410254659,0.0
imported_external_plasma_fields,100,electric_field_aligned_image_sensitivity_v1,relative_flow_screened_collection_orbital_v1,0.0028,287,287,287,287,1.0,0.022378908901069992,0.04901802966679173,0.06051242580394376,17.482037894768432,43.58801286653238,49.889824369544485,51.44201186340234,125.55749705177097,146.76483737519322,0.0
imported_external_plasma_fields,100,electric_field_aligned_image_sensitivity_v1,relative_flow_screened_collection_orbital_v1,0.0029,287,287,287,287,1.0,0.02412921329903627,0.052870169096450224,0.06507114383623851,18.502181831221026,42.91573809305186,48.461986774423806,49.709821131284,123.0765955166867,142.98788201690144,0.0
imported_external_plasma_fields,100,electric_field_aligned_image_sensitivity_v1,relative_flow_screened_collection_orbital_v1,0.003,287,287,287,287,1.0,0.026026557622961036,0.05701957002355696,0.06961264723897892,19.482723412993174,41.75534933212118,46.37242180542396,46.34083473274546,119.9487462815999,139.8308110579139,0.0
imported_external_plasma_fields,100,electric_field_aligned_image_sensitivity_v1,relative_flow_screened_collection_orbital_v1,0.0031,287,287,287,287,1.0,0.027932014030851254,0.06100612968502419,0.07314612410613351,20.47901877429597,40.41574908866077,43.92065843489477,43.25870365965369,120.03337704958176,136.4169575937298,0.0
imported_external_plasma_fields,100,electric_field_aligned_image_sensitivity_v1,relative_flow_screened_collection_orbital_v1,0.0032,287,287,287,287,1.0,0.02982403886094542,0.06435830777002056,0.07645505659033001,21.37498701367715,39.394760610809335,43.051254314433,40.71963599595978,117.10807615021716,133.04968562981531,0.0
imported_external_plasma_fields,100,electric_field_aligned_image_sensitivity_v1,relative_flow_screened_collection_orbital_v1,0.0033,287,287,287,287,1.0,0.03187592297349625,0.06776897530539795,0.07972841527005539,22.069738448009538,38.052862774091246,44.30395954619101,40.58292892079396,115.76794422327852,130.0411935576354,0.0
imported_external_plasma_fields,100,electric_field_aligned_image_sensitivity_v1,relative_flow_screened_collection_orbital_v1,0.0034,287,287,287,287,1.0,0.03398675872578014,0.07050330828999574,0.08295162129033717,22.66183107254117,36.563494700952205,43.73916825525695,39.58954706431399,112.9914077938953,125.6104823804604,0.0
imported_external_plasma_fields,100,electric_field_aligned_image_sensitivity_v1,relative_flow_screened_collection_orbital_v1,0.0035,287,287,287,287,1.0,0.036128493220538335,0.07293506309366077,0.08581925338883753,22.555542204183737,34.336247160423994,40.96005440118507,44.412888162639206,110.31711973551771,122.08977856180962,0.0
imported_external_plasma_fields,100,electric_field_aligned_image_sensitivity_v1,relative_flow_screened_collection_orbital_v1,0.0036,287,283,287,283,0.9860627177700348,0.03799819836510988,0.07439093371668581,0.08609462299767978,22.361246338132602,32.2269065527685,39.1745784778451,45.11438505464338,106.56064793011471,119.86891107099429,0.013937282229965157
imported_external_plasma_fields,100,electric_field_aligned_image_sensitivity_v1,relative_flow_screened_collection_orbital_v1,0.0037,287,278,287,278,0.9686411149825784,0.039755811516442,0.07553053780888598,0.08798288902865949,21.972513314817576,29.903080211077967,35.43111816814994,44.79011755053688,103.40604481307328,116.84830077692328,0.0313588850174216
imported_external_plasma_fields,100,electric_field_aligned_image_sensitivity_v1,relative_flow_screened_collection_orbital_v1,0.0038,287,274,287,274,0.9547038327526133,0.04147098731440131,0.07555853304056805,0.08981321618818892,21.64567768527555,28.025302790685885,31.153570256178742,47.96567189525899,101.74187564573093,114.52825596761737,0.04529616724738676
imported_external_plasma_fields,100,electric_field_aligned_image_sensitivity_v1,relative_flow_screened_collection_orbital_v1,0.0039,287,268,287,268,0.9337979094076655,0.04290686955810247,0.07591257420765551,0.08970198095415814,21.332336771021502,25.74401908059958,27.373594825113337,50.755462847801056,98.7571225961396,110.70804218617718,0.06620209059233449
imported_external_plasma_fields,100,electric_field_aligned_image_sensitivity_v1,relative_flow_screened_collection_orbital_v1,0.004,287,263,287,263,0.9163763066202091,0.04444384495606025,0.07403537762120203,0.0895669271189776,20.877873966050558,24.484860684901726,26.19922594075789,51.61406949656629,93.1703570813724,107.51882833283655,0.08362369337979095
imported_external_plasma_fields,100,electric_field_aligned_image_sensitivity_v1,relative_flow_screened_collection_orbital_v1,0.0041,287,261,287,261,0.9094076655052264,0.04636603600773815,0.07424351217312414,0.09042212856519748,20.224687607710628,23.421228462269255,30.509722908378897,53.22377561262988,90.42600227460787,105.7140464678816,0.09059233449477352
imported_external_plasma_fields,100,electric_field_aligned_image_sensitivity_v1,relative_flow_screened_collection_orbital_v1,0.004200000000000001,287,260,287,260,0.9059233449477352,0.04812554467451844,0.07422968661735654,0.09010568529147979,19.918219276521867,22.645431447238852,39.264831668519584,54.635187088764496,86.9853014675689,103.4917967847995,0.09407665505226481
imported_external_plasma_fields,100,electric_field_aligned_image_sensitivity_v1,relative_flow_screened_collection_orbital_v1,0.0043,287,260,287,260,0.9059233449477352,0.05013845553149762,0.07359220994099458,0.09020829487940972,19.61179191431617,22.239177527398557,42.09991096048791,54.42743549770731,85.72892596928911,101.65295476636905,0.09407665505226481
imported_external_plasma_fields,100,electric_field_aligned_image_sensitivity_v1,relative_flow_screened_collection_orbital_v1,0.0044,287,260,287,260,0.9059233449477352,0.05125474531217522,0.07466154453662668,0.08987052673963651,19.099953896672204,21.661852418656153,45.124083428416355,54.27176886540414,83.47810881168063,98.51684159677204,0.09407665505226481
imported_external_plasma_fields,100,electric_field_aligned_image_sensitivity_v1,relative_flow_screened_collection_orbital_v1,0.0045000000000000005,287,260,287,260,0.9059233449477352,0.051634759685632386,0.0758871362234927,0.0901187678143555,18.56677851278758,21.103810467128312,46.81161828757152,54.378876636045646,81.5940487776005,94.0097306488313,0.09407665505226481
imported_external_plasma_fields,100,electric_field_aligned_image_sensitivity_v1,relative_flow_screened_collection_orbital_v1,0.0046,287,260,287,260,0.9059233449477352,0.05284968838439448,0.07280859799438652,0.0900106269938219,18.168737461309902,22.740921902827225,47.147720830172666,53.7361386767038,78.55829150264806,90.78973005025368,0.09407665505226481
imported_external_plasma_fields,100,electric_field_aligned_image_sensitivity_v1,relative_flow_screened_collection_orbital_v1,0.0047,287,260,287,260,0.9059233449477352,0.05397654845825671,0.07366515406141745,0.08967717143782263,17.771368194536656,27.71805164832459,47.05787833823402,54.37467380355483,77.31998426767635,86.83736998125053,0.09407665505226481
imported_external_plasma_fields,100,electric_field_aligned_image_sensitivity_v1,relative_flow_screened_collection_orbital_v1,0.0048000000000000004,287,260,287,260,0.9059233449477352,0.05396349323113016,0.07207989171639857,0.08896519772403112,17.281363879202406,32.30717658723876,46.67354328417389,53.30107246223068,70.11167557328682,82.47303276116277,0.09407665505226481
imported_external_plasma_fields,100,electric_field_aligned_image_sensitivity_v1,relative_flow_screened_collection_orbital_v1,0.0049,287,260,287,260,0.9059233449477352,0.05483946866502358,0.07267909228463733,0.08870313327097927,16.90933681730644,34.490993194336745,46.322155226204686,52.37723892779297,69.48514200214085,78.2733823987583,0.09407665505226481
imported_external_plasma_fields,100,electric_field_aligned_image_sensitivity_v1,relative_flow_screened_collection_orbital_v1,0.005,287,260,287,260,0.9059233449477352,0.0562468879857042,0.07313603484301652,0.08837837231099621,16.469744850382007,35.2377610971277,45.91741031619155,50.441856343748555,65.1710969031573,74.50384466350356,0.09407665505226481
imported_external_plasma_fields,100,electric_field_aligned_image_sensitivity_v1,relative_flow_screened_collection_orbital_v1,0.006,287,260,287,260,0.9059233449477352,0.06195446439402852,0.07204804024274382,0.07694000112168059,11.785944494657606,31.85274867676423,39.02695578429558,40.30072322353982,52.08088648909928,55.01693113110459,0.09407665505226481
imported_external_plasma_fields,100,electric_field_aligned_image_sensitivity_v1,relative_flow_screened_collection_orbital_v1,0.007,287,260,287,260,0.9059233449477352,0.060523569266563576,0.07121194924216637,0.0738217297228366,11.885676617444478,25.623327817702062,33.1183496100554,30.02847778413738,40.66276823428088,69.86667536661278,0.09407665505226481
imported_external_plasma_fields,100,electric_field_aligned_image_sensitivity_v1,relative_flow_screened_collection_orbital_v1,0.008,287,260,287,260,0.9059233449477352,0.05680179002351954,0.06653263715926258,0.06912196624420279,12.632076090106516,22.39412154771537,29.390456078900332,15.564286361850606,36.32864955417643,99.16230951084107,0.09407665505226481
imported_external_plasma_fields,100,electric_field_aligned_image_sensitivity_v1,relative_flow_screened_collection_orbital_v1,0.009000000000000001,287,260,287,260,0.9059233449477352,0.04869748990489786,0.06127792032785292,0.08410595456071468,12.417484498465075,19.521616471512147,23.582587544346094,14.512134315784749,62.947974050360855,121.06113355927273,0.09407665505226481
imported_external_plasma_fields,100,electric_field_aligned_image_sensitivity_v1,relative_flow_screened_collection_orbital_v1,0.01,287,260,287,260,0.9059233449477352,0.04092553477092756,0.05737055485915488,0.09447473175310085,11.925985652479772,17.049112532696558,19.499265911066583,20.583381092427373,73.92252252326388,127.93950866298538,0.09407665505226481
imported_external_plasma_fields,100,electric_field_aligned_image_sensitivity_v1,relative_flow_screened_collection_orbital_v1,0.011,287,260,287,260,0.9059233449477352,0.03202272533229929,0.05605786561372832,0.10185054952509771,10.908393590757218,15.1499251594535,16.819510171719003,19.513769470650317,77.57649707024605,136.1182063708098,0.09407665505226481
imported_external_plasma_fields,100,electric_field_aligned_image_sensitivity_v1,relative_flow_screened_collection_orbital_v1,0.012,287,260,287,260,0.9059233449477352,0.024182827605736756,0.05758966870585229,0.10603431061999899,9.859198360683871,13.54381034838796,18.136402553418804,14.242650589658496,82.2598605880105,139.84349744335017,0.09407665505226481
imported_external_plasma_fields,100,electric_field_aligned_image_sensitivity_v1,relative_flow_screened_collection_orbital_v1,0.013000000000000001,287,260,287,260,0.9059233449477352,0.019526438805810627,0.05553911234127561,0.10887966827365146,8.289068703972816,13.22656255191241,18.967355467015295,11.300662456717959,95.00860981862056,145.1244096106648,0.09407665505226481
imported_external_plasma_fields,100,electric_field_aligned_image_sensitivity_v1,relative_flow_screened_collection_orbital_v1,0.014,287,260,287,260,0.9059233449477352,0.01984523399782552,0.052514716942279945,0.11107459731509924,5.604637927650206,10.938100709526125,15.4764856912433,10.69358854325651,105.99453363272112,159.83377480773015,0.09407665505226481
imported_external_plasma_fields,100,electric_field_aligned_image_sensitivity_v1,relative_flow_screened_collection_orbital_v1,0.015000000000000001,287,260,287,260,0.9059233449477352,0.021662324597438005,0.04540975191762147,0.1137726397813475,4.00471433351194,9.598119334829418,15.461182027086412,12.024914830506788,115.01506067207941,172.4788869003561,0.09407665505226481
imported_external_plasma_fields,100,electric_field_aligned_image_sensitivity_v1,relative_flow_screened_collection_orbital_v1,0.016,287,260,287,260,0.9059233449477352,0.023672937791205145,0.0490157810254843,0.11803800364434146,3.8069891079617557,7.931127914429199,11.591243517648842,15.84078950321674,127.53704985315868,178.91973852379,0.09407665505226481
imported_external_plasma_fields,100,electric_field_aligned_image_sensitivity_v1,relative_flow_screened_collection_orbital_v1,0.017,287,260,287,260,0.9059233449477352,0.02438120347941639,0.04744980676935908,0.12406649518676603,4.078435517813793,7.438263756738234,10.74059095977409,15.372713257192771,127.5744773504951,181.63477590369044,0.09407665505226481
imported_external_plasma_fields,100,electric_field_aligned_image_sensitivity_v1,relative_flow_screened_collection_orbital_v1,0.018000000000000002,287,260,287,260,0.9059233449477352,0.023440140292285694,0.052358954619645966,0.1319393497908634,4.128227249766697,7.391020046926564,10.410936299402817,18.615045880325937,121.40924296098243,176.01961426765305,0.09407665505226481
imported_external_plasma_fields,100,electric_field_aligned_image_sensitivity_v1,relative_flow_screened_collection_orbital_v1,0.019000000000000003,287,260,287,260,0.9059233449477352,0.023315465832083583,0.05356874476128591,0.14013723132388584,3.815149711667101,7.144224308182483,11.153496259037361,17.157191982998313,113.45856428509299,172.27547817596184,0.09407665505226481
imported_external_plasma_fields,100,electric_field_aligned_image_sensitivity_v1,relative_flow_screened_collection_orbital_v1,0.02,287,260,287,260,0.9059233449477352,0.023657627603749745,0.057596681557392795,0.14710480462223421,2.9873365005825034,6.4529845841374005,9.772496600264928,17.273897362832315,111.7777045412906,169.50388986411943,0.09407665505226481
imported_external_plasma_fields,100,electric_field_aligned_image_sensitivity_v1,relative_flow_screened_collection_orbital_v1,0.020999999999999998,287,260,287,260,0.9059233449477352,0.02297837280207333,0.057146725894691525,0.15207793284596346,2.3791834005565167,5.248597870935652,7.734079204034103,17.799936568059366,111.50312097298591,164.4192091591287,0.09407665505226481
imported_external_plasma_fields,100,electric_field_aligned_image_sensitivity_v1,relative_flow_screened_collection_orbital_v1,0.022,287,260,287,260,0.9059233449477352,0.021744102193916297,0.05735845489892844,0.15459509217098408,2.295938296504951,3.975176188085919,7.2081185510532855,16.312511556292236,105.9236762755987,164.84973058180344,0.09407665505226481
imported_external_plasma_fields,100,electric_field_aligned_image_sensitivity_v1,relative_flow_screened_collection_orbital_v1,0.023,287,260,287,260,0.9059233449477352,0.019787144507845224,0.05389701506513482,0.15477134238118256,2.1925518080611814,3.951944545962607,7.339449510114644,13.688536720294195,106.63673344486965,164.91849489758985,0.09407665505226481
imported_external_plasma_fields,100,electric_field_aligned_image_sensitivity_v1,relative_flow_screened_collection_orbital_v1,0.024,287,260,287,260,0.9059233449477352,0.018042761812252343,0.05066422484112898,0.15323494174791852,2.2704565640702077,4.146451625294286,6.238846301276276,12.604439645016555,111.77105801467212,163.46148952115618,0.09407665505226481
imported_external_plasma_fields,100,electric_field_aligned_image_sensitivity_v1,relative_flow_screened_collection_orbital_v1,0.025,287,260,287,260,0.9059233449477352,0.01682660849889343,0.048967916420744426,0.15065222299657013,2.0891839064316824,4.105022603268078,6.247384545334719,10.655301231739912,108.83001548631283,169.5433409602555,0.09407665505226481
imported_external_plasma_fields,100,electric_field_aligned_image_sensitivity_v1,relative_flow_screened_collection_orbital_v1,0.026000000000000002,287,260,287,260,0.9059233449477352,0.016318168447540658,0.04756165076344253,0.14802902203072887,1.514091004267843,3.6488712184883076,5.7431150972666805,11.83011152248443,110.64208025158277,168.86696151567637,0.09407665505226481
imported_external_plasma_fields,100,electric_field_aligned_image_sensitivity_v1,relative_flow_screened_collection_orbital_v1,0.027000000000000003,287,260,287,260,0.9059233449477352,0.01674342185503326,0.04597536215426796,0.14583707652589367,1.0146413534198573,3.171625181489572,4.585050826066358,12.753493568968935,112.48060668675632,173.74919030903592,0.09407665505226481
imported_external_plasma_fields,100,electric_field_aligned_image_sensitivity_v1,relative_flow_screened_collection_orbital_v1,0.027999999999999997,287,260,287,260,0.9059233449477352,0.017422441579628363,0.04554139453256883,0.14471599449906197,0.9638281733859921,2.643247247129155,4.038652686138034,11.96563606423939,111.2986411630116,174.84765277390528,0.09407665505226481
imported_external_plasma_fields,100,electric_field_aligned_image_sensitivity_v1,relative_flow_screened_collection_orbital_v1,0.028999999999999998,287,260,287,260,0.9059233449477352,0.017844869639837953,0.04529887182035438,0.14474553654195188,1.152466051655872,2.3208460087860043,3.8345782717332635,12.946305775298981,109.223709410305,175.28722836219274,0.09407665505226481
imported_external_plasma_fields,100,electric_field_aligned_image_sensitivity_v1,relative_flow_screened_collection_orbital_v1,0.03,287,260,287,260,0.9059233449477352,0.017881899497088884,0.04520347045580358,0.14590558819778793,1.1888517031256582,2.48451910617235,3.705430416911178,13.118462259048783,107.28099030532809,174.1908283999218,0.09407665505226481
reduced_electrostatic_reference,10,electric_field_aligned_image_sensitivity_v1,relative_flow_screened_collection_orbital_v1,0.0,287,287,287,287,1.0,0.0,0.0,0.0,0.0,0.0,0.0,0.0,0.0,0.0,0.0
reduced_electrostatic_reference,10,electric_field_aligned_image_sensitivity_v1,relative_flow_screened_collection_orbital_v1,1e-05,287,287,287,287,1.0,5.250507908256889e-08,1.0420386929873622e-07,1.3176661654052524e-07,0.010607986454321414,0.020528247212457804,0.025998405137793418,2.3946308305156094e-06,4.961757456856119e-06,5.425712652118442e-06,0.0
reduced_electrostatic_reference,10,electric_field_aligned_image_sensitivity_v1,relative_flow_screened_collection_orbital_v1,2e-05,287,287,287,287,1.0,2.1347862603186725e-07,3.998915113524996e-07,5.081238747966177e-07,0.021533258810071194,0.0378901892043931,0.04841368128398022,2.1290509597537977e-05,4.149792934535768e-05,4.4589262211407456e-05,0.0
reduced_electrostatic_reference,10,electric_field_aligned_image_sensitivity_v1,relative_flow_screened_collection_orbital_v1,3.0000000000000004e-05,287,287,287,287,1.0,4.819794453817324e-07,8.441451332902579e-07,1.0782395865286565e-06,0.033225908206683086,0.0497254690764325,0.06420605861650691,8.861131152460011e-05,0.0001433440278733489,0.00015354958748201142,0.0
reduced_electrostatic_reference,10,electric_field_aligned_image_sensitivity_v1,relative_flow_screened_collection_orbital_v1,4e-05,287,287,287,287,1.0,8.61405676859919e-07,1.368343001793345e-06,1.7603327911983696e-06,0.04516697397666164,0.053961292908429076,0.07028285166986753,0.00023988965998023026,0.00034566406400968755,0.00036649523697329656,0.0
reduced_electrostatic_reference,10,electric_field_aligned_image_sensitivity_v1,relative_flow_screened_collection_orbital_v1,5e-05,287,287,287,287,1.0,1.3817527248399578e-06,1.9092775971749966e-06,2.4550422409123224e-06,0.05300780417024009,0.06663939734421027,0.1135552514811041,0.0005675083108456214,0.0006620867117832941,0.0006864208423399897,0.0
reduced_electrostatic_reference,10,electric_field_aligned_image_sensitivity_v1,relative_flow_screened_collection_orbital_v1,6.000000000000001e-05,287,287,287,287,1.0,1.9653560375333245e-06,2.4545561477131437e-06,3.148699810901904e-06,0.057919300936839765,0.08364366197233825,0.12926456761588023,0.0009498894717969719,0.0011689201075461232,0.0012296122069862525,0.0
reduced_electrostatic_reference,10,electric_field_aligned_image_sensitivity_v1,relative_flow_screened_collection_orbital_v1,7.000000000000001e-05,287,287,287,287,1.0,2.6431410047518e-06,3.2728257221025598e-06,4.194865560040165e-06,0.06467261106763543,0.10071943548380237,0.18382742981912137,0.0012208169555161241,0.0015677577506401975,0.0017584029224441443,0.0
reduced_electrostatic_reference,10,electric_field_aligned_image_sensitivity_v1,relative_flow_screened_collection_orbital_v1,8e-05,287,287,287,287,1.0,3.37320635551521e-06,4.262116829718195e-06,6.17710241215599e-06,0.07355872673948696,0.1187607227221327,0.2630563660648984,0.0014083469006109794,0.0017344441872029215,0.0019633639769781382,0.0
reduced_electrostatic_reference,10,electric_field_aligned_image_sensitivity_v1,relative_flow_screened_collection_orbital_v1,9e-05,287,287,287,287,1.0,4.246790383105431e-06,5.490104573509126e-06,8.092359196888341e-06,0.08860852908550321,0.14261726121007384,0.2991114457931602,0.0015350597757608497,0.001795272989319141,0.002002810944320145,0.0
reduced_electrostatic_reference,10,electric_field_aligned_image_sensitivity_v1,relative_flow_screened_collection_orbital_v1,0.0001,287,287,287,287,1.0,5.1798411954599105e-06,6.92326855864334e-06,1.0285134235333021e-05,0.10688806622263758,0.1621210151180395,0.31627719796419307,0.0016361271340068484,0.0018100156282356396,0.0019795679383071262,0.0
reduced_electrostatic_reference,10,electric_field_aligned_image_sensitivity_v1,relative_flow_screened_collection_orbital_v1,0.00011,287,287,287,287,1.0,6.333310909707516e-06,8.557059723963748e-06,1.2745608614410746e-05,0.12517625844279684,0.1834126760846809,0.34644583037917975,0.0016840230148691404,0.0018192533986770344,0.00206660666273874,0.0
reduced_electrostatic_reference,10,electric_field_aligned_image_sensitivity_v1,relative_flow_screened_collection_orbital_v1,0.00012000000000000002,287,287,287,287,1.0,7.678934783564484e-06,1.0542405570999451e-05,1.6097818866867538e-05,0.146407723805064,0.20375558944682512,0.3474062302328111,0.001700218525582109,0.0018366266240592566,0.0023102459424476063,0.0
reduced_electrostatic_reference,10,electric_field_aligned_image_sensitivity_v1,relative_flow_screened_collection_orbital_v1,0.00013000000000000002,287,287,287,287,1.0,9.199435349948971e-06,1.263957470453005e-05,1.9618707322505435e-05,0.16987547523603913,0.22676818500703985,0.41271117200107904,0.0017257126909697718,0.0018826335158630414,0.0025363046945041643,0.0
reduced_electrostatic_reference,10,electric_field_aligned_image_sensitivity_v1,relative_flow_screened_collection_orbital_v1,0.00014000000000000001,287,287,287,287,1.0,1.1049190846490204e-05,1.5030443349788725e-05,2.3190113062670147e-05,0.19687111991283246,0.2469442049689518,0.5537023626523252,0.00175027944255568,0.0019595359622627483,0.002679983655361111,0.0
reduced_electrostatic_reference,10,electric_field_aligned_image_sensitivity_v1,relative_flow_screened_collection_orbital_v1,0.00015000000000000001,287,287,287,287,1.0,1.3172607975862397e-05,1.7598784576587793e-05,2.7758178573216063e-05,0.22489482681542908,0.26518322610172124,0.5722729435636547,0.0017661049622184066,0.0020656185208963508,0.002755445409647937,0.0
reduced_electrostatic_reference,10,electric_field_aligned_image_sensitivity_v1,relative_flow_screened_collection_orbital_v1,0.00016,287,287,287,287,1.0,1.548496178507089e-05,2.0871237435013654e-05,3.6396374926540445e-05,0.25158077382468796,0.29230382569382773,0.609898124976932,0.0017828927994862909,0.0021680422685747664,0.002947414560687837,0.0
reduced_electrostatic_reference,10,electric_field_aligned_image_sensitivity_v1,relative_flow_screened_collection_orbital_v1,0.00017,287,287,287,287,1.0,1.8161238905683676e-05,2.3894378476384963e-05,4.453552932261435e-05,0.28340952184713253,0.34370247122424713,0.765272131397649,0.0017754865406480747,0.002285275796895548,0.0030402700771363454,0.0
reduced_electrostatic_reference,10,electric_field_aligned_image_sensitivity_v1,relative_flow_screened_collection_orbital_v1,0.00018,287,287,287,287,1.0,2.119887760634273e-05,2.7612868712257775e-05,4.962189730540902e-05,0.31487286883557974,0.3959478943982052,0.7911177904551311,0.0017663861521857172,0.002393959763666942,0.003123264409170108,0.0
reduced_electrostatic_reference,10,electric_field_aligned_image_sensitivity_v1,relative_flow_screened_collection_orbital_v1,0.00019,287,287,287,287,1.0,2.4579249937021376e-05,3.1895393085915216e-05,5.425222899274702e-05,0.35018110658501883,0.42659605780199095,0.8150257909368899,0.0017505422921040292,0.002472502669236576,0.003380206142489569,0.0
reduced_electrostatic_reference,10,electric_field_aligned_image_sensitivity_v1,relative_flow_screened_collection_orbital_v1,0.0002,287,287,287,287,1.0,2.8278476036803678e-05,3.654828555805585e-05,5.9113941728244846e-05,0.3851686146584982,0.4637658187709451,0.83670928666747,0.00173656459593019,0.00255682875761778,0.0036130382670690455,0.0
reduced_electrostatic_reference,10,electric_field_aligned_image_sensitivity_v1,relative_flow_screened_collection_orbital_v1,0.00021,287,287,287,287,1.0,3.244044811981002e-05,4.154911439878092e-05,6.487688953828745e-05,0.4203815424616799,0.5006802908461034,0.85870064305271,0.0017273088583404927,0.0026350397839802753,0.0038068326161082282,0.0
reduced_electrostatic_reference,10,electric_field_aligned_image_sensitivity_v1,relative_flow_screened_collection_orbital_v1,0.00022,287,287,287,287,1.0,3.691634349766501e-05,4.70921132338084e-05,7.283316707204677e-05,0.45641020632668905,0.5370254972678036,0.8769861863770697,0.0017187225939352402,0.0027131489172106176,0.003949033249337858,0.0
reduced_electrostatic_reference,10,electric_field_aligned_image_sensitivity_v1,relative_flow_screened_collection_orbital_v1,0.00023,287,287,287,287,1.0,4.178348565048971e-05,5.294815759015958e-05,8.244301589586306e-05,0.4943654776401349,0.5727080969637101,0.888822789573645,0.001708869589563733,0.0027827628686782906,0.004004362356045802,0.0
reduced_electrostatic_reference,10,electric_field_aligned_image_sensitivity_v1,relative_flow_screened_collection_orbital_v1,0.00024000000000000003,287,287,287,287,1.0,4.7030507107060725e-05,5.9332578866585566e-05,9.218090183570165e-05,0.5318158366532031,0.6109534486810408,0.8971308521722408,0.0016965523942360505,0.0028307160136247242,0.004015229077663633,0.0
reduced_electrostatic_reference,10,electric_field_aligned_image_sensitivity_v1,relative_flow_screened_collection_orbital_v1,0.00025,287,287,287,287,1.0,5.238263703372307e-05,6.587266756426919e-05,0.00010201668437567159,0.5709507773472295,0.653485494318259,0.9194707492577426,0.0016816754559254576,0.002895181542111303,0.004028462050981678,0.0
reduced_electrostatic_reference,10,electric_field_aligned_image_sensitivity_v1,relative_flow_screened_collection_orbital_v1,0.00026000000000000003,287,287,287,287,1.0,5.83763478975405e-05,7.270915435916534e-05,0.00011191701403050823,0.6108889475713936,0.6955218750041812,0.9302126516540793,0.0016721062012532428,0.0029486033733657994,0.004040540232816593,0.0
reduced_electrostatic_reference,10,electric_field_aligned_image_sensitivity_v1,relative_flow_screened_collection_orbital_v1,0.00027,287,287,287,287,1.0,6.481188102579662e-05,7.96535418864317e-05,0.00012191529288988442,0.6494576899546951,0.736954703057445,0.9903768722791496,0.0016616737198766884,0.002995597975433385,0.0041139709740387045,0.0
reduced_electrostatic_reference,10,electric_field_aligned_image_sensitivity_v1,relative_flow_screened_collection_orbital_v1,0.00028000000000000003,287,287,287,287,1.0,7.168732131212298e-05,8.7035063535623e-05,0.00013201568748463303,0.6926045530101193,0.7777330362009037,1.0194947737387354,0.0016564404148251555,0.0030289124606756707,0.0041876633011536735,0.0
reduced_electrostatic_reference,10,electric_field_aligned_image_sensitivity_v1,relative_flow_screened_collection_orbital_v1,0.00029,287,287,287,287,1.0,7.892506368243315e-05,9.49303626676168e-05,0.00014250681452013993,0.7333890761679782,0.8190377981816711,1.057096903781947,0.0016525632240291799,0.0030687476893348285,0.004267157524823123,0.0
reduced_electrostatic_reference,10,electric_field_aligned_image_sensitivity_v1,relative_flow_screened_collection_orbital_v1,0.00030000000000000003,287,287,287,287,1.0,8.656108701809594e-05,0.00010320680753376974,0.00015333317020746465,0.7738165812878697,0.8615416480063168,1.0901562839466952,0.0016477782225496895,0.0031050070954933076,0.004363589117851806,0.0
reduced_electrostatic_reference,10,electric_field_aligned_image_sensitivity_v1,relative_flow_screened_collection_orbital_v1,0.00031,287,287,287,287,1.0,9.459148648531993e-05,0.00011186777878422312,0.00016448704096588235,0.8130463080999021,0.9031790278364886,1.1224130011146654,0.0016389704643575698,0.0031300681899914208,0.0044563251841989145,0.0
reduced_electrostatic_reference,10,electric_field_aligned_image_sensitivity_v1,relative_flow_screened_collection_orbital_v1,0.00032,287,287,287,287,1.0,0.00010288480056614612,0.00012096215740183997,0.00017596040709716112,0.8538024268836262,0.9478016793476625,1.15394331547398,0.0016282453399671937,0.0031560928576467987,0.004544301139921953,0.0
reduced_electrostatic_reference,10,electric_field_aligned_image_sensitivity_v1,relative_flow_screened_collection_orbital_v1,0.00033000000000000005,287,287,287,287,1.0,0.0001115345375370492,0.0001304921876805799,0.0001877437797096488,0.8932718857725584,0.9879169790699023,1.1849594125901313,0.0016140683992738047,0.0031941015055529935,0.00462643581338156,0.0
reduced_electrostatic_reference,10,electric_field_aligned_image_sensitivity_v1,relative_flow_screened_collection_orbital_v1,0.00034,287,287,287,287,1.0,0.00012064698662078046,0.0001403432363310075,0.00019982611483448427,0.9357634073890222,1.0271073593005395,1.2191101576198575,0.001605601804257617,0.0032255859761043844,0.004701794989799878,0.0
reduced_electrostatic_reference,10,electric_field_aligned_image_sensitivity_v1,relative_flow_screened_collection_orbital_v1,0.00035000000000000005,287,287,287,287,1.0,0.00013008590148565227,0.00015051668895738472,0.0002121999845114242,0.972983653406111,1.069104268878445,1.2475535469293746,0.001596127861738239,0.003249621766944701,0.004770358745991671,0.0
reduced_electrostatic_reference,10,electric_field_aligned_image_sensitivity_v1,relative_flow_screened_collection_orbital_v1,0.00036,287,287,287,287,1.0,0.0001399546582305182,0.00016111795036733275,0.00022485580738184296,1.0099275433573967,1.1106270417792157,1.2839587596782012,0.0015852216622924686,0.00326482613309125,0.004830834398785697,0.0
reduced_electrostatic_reference,10,electric_field_aligned_image_sensitivity_v1,relative_flow_screened_collection_orbital_v1,0.00037000000000000005,287,287,287,287,1.0,0.00015025024501633369,0.00017224795523954008,0.00023777237357910217,1.0458149474376732,1.1526921339652092,1.3139219339224417,0.0015723814240793388,0.003273907529307963,0.004841525282733769,0.0
reduced_electrostatic_reference,10,electric_field_aligned_image_sensitivity_v1,relative_flow_screened_collection_orbital_v1,0.00038,287,287,287,287,1.0,0.00016100948664767608,0.0001836904485543371,0.00025100016786810286,1.0807810976901935,1.1914578074317002,1.3457342453661105,0.0015578448808710732,0.003302312404294839,0.004875397099231619,0.0
reduced_electrostatic_reference,10,electric_field_aligned_image_sensitivity_v1,relative_flow_screened_collection_orbital_v1,0.00039000000000000005,287,287,287,287,1.0,0.0001721702644090991,0.0001954155691281069,0.00026388808553591786,1.1150256432272583,1.2358247825460824,1.3846423739864764,0.0015412365158979924,0.0033269247753331408,0.004900173956672161,0.0
reduced_electrostatic_reference,10,electric_field_aligned_image_sensitivity_v1,relative_flow_screened_collection_orbital_v1,0.0004,287,287,287,287,1.0,0.00018343934611216915,0.00020763584620390446,0.000273456760478559,1.1495329426049272,1.276832976350794,1.4204786787343178,0.0015169961062042603,0.0033496260135031275,0.0049224389221184574,0.0
reduced_electrostatic_reference,10,electric_field_aligned_image_sensitivity_v1,relative_flow_screened_collection_orbital_v1,0.00041000000000000005,287,287,287,287,1.0,0.00019517850878183644,0.00022061900791252596,0.0002873452407776525,1.1802731816978071,1.320194300852491,1.4601272222313226,0.0014916993253457633,0.0033646944050957483,0.004940836676335037,0.0
reduced_electrostatic_reference,10,electric_field_aligned_image_sensitivity_v1,relative_flow_screened_collection_orbital_v1,0.00042,287,287,287,287,1.0,0.00020732941507524525,0.00023407214819416196,0.00030246976285063176,1.209496716414132,1.3617200771172262,1.498418281198596,0.0014679784444773247,0.003376394821312801,0.004957666621070017,0.0
reduced_electrostatic_reference,10,electric_field_aligned_image_sensitivity_v1,relative_flow_screened_collection_orbital_v1,0.00043000000000000004,287,287,287,287,1.0,0.00021982869447870925,0.00024794650880433533,0.0003179790442520536,1.23724182296935,1.4016323353490843,1.543310947218982,0.0014396145783415193,0.003394880044790228,0.005002313431687283,0.0
reduced_electrostatic_reference,10,electric_field_aligned_image_sensitivity_v1,relative_flow_screened_collection_orbital_v1,0.00044,287,287,287,287,1.0,0.00023232444465395234,0.00026223078958186833,0.00033386395589119205,1.2646670407216207,1.4410765733090782,1.585092108700879,0.0014069843155439798,0.0034122711586455526,0.005044037375119287,0.0
reduced_electrostatic_reference,10,electric_field_aligned_image_sensitivity_v1,relative_flow_screened_collection_orbital_v1,0.00045000000000000004,287,287,287,287,1.0,0.0002450651437322101,0.00027690835724776037,0.000350117422034521,1.2902701664759508,1.4820507038347692,1.6262868717024848,0.001368044231455201,0.0034325640130717264,0.005082437060367865,0.0
reduced_electrostatic_reference,10,electric_field_aligned_image_sensitivity_v1,relative_flow_screened_collection_orbital_v1,0.00046,287,287,287,287,1.0,0.00025762549484302646,0.0002919079359711977,0.0003667326242914193,1.311582233296384,1.520651653141911,1.6670597480390328,0.0013253212221755462,0.003459327216020114,0.005116371007672099,0.0
reduced_electrostatic_reference,10,electric_field_aligned_image_sensitivity_v1,relative_flow_screened_collection_orbital_v1,0.00047000000000000004,287,287,287,287,1.0,0.00027120181623664137,0.0003072538473999011,0.00038369826329553395,1.3300335003413208,1.5589740009163298,1.7073887311541802,0.0012861969801996054,0.0034852309021282226,0.00514455710409443,0.0
reduced_electrostatic_reference,10,electric_field_aligned_image_sensitivity_v1,relative_flow_screened_collection_orbital_v1,0.00048000000000000007,287,287,287,287,1.0,0.00028455599597169333,0.0003229306101707446,0.0004010184085982417,1.3604097698119444,1.5987898824060296,1.7466714382843238,0.0012363716846230943,0.0035099849403223975,0.005165542750287669,0.0
reduced_electrostatic_reference,10,electric_field_aligned_image_sensitivity_v1,relative_flow_screened_collection_orbital_v1,0.0004900000000000001,287,287,287,287,1.0,0.00029807989223795255,0.00033891771350728526,0.0004186903240895246,1.3809986573153155,1.6415477628369064,1.7853152183171948,0.00118807621445427,0.0034943737696238497,0.005179656796179442,0.0
reduced_electrostatic_reference,10,electric_field_aligned_image_sensitivity_v1,relative_flow_screened_collection_orbital_v1,0.0005,287,287,287,287,1.0,0.0003118961751191717,0.0003550859438492948,0.00043670540125326403,1.4035759202942975,1.6831758557042513,1.8313520249845485,0.0011426469638600167,0.0034946600532272513,0.005200117454596195,0.0
reduced_electrostatic_reference,10,electric_field_aligned_image_sensitivity_v1,relative_flow_screened_collection_orbital_v1,0.0006,287,287,287,287,1.0,0.0004518095811179502,0.0005386221237640228,0.0006332866720088142,1.623499862898425,2.118386842103649,4.363093399761756,0.000891523962309293,0.0032697897869468327,0.005224970212585162,0.0
reduced_electrostatic_reference,10,electric_field_aligned_image_sensitivity_v1,relative_flow_screened_collection_orbital_v1,0.0007,287,287,287,287,1.0,0.0006161812747776469,0.0007577222638228803,0.0009157176769384647,1.8096819261543367,3.5913780940452082,7.762353781505895,0.001353977259007877,0.003342414958834183,0.004525202719137622,0.0
reduced_electrostatic_reference,10,electric_field_aligned_image_sensitivity_v1,relative_flow_screened_collection_orbital_v1,0.0007999999999999999,287,287,287,287,1.0,0.0007815823380067086,0.001042851777903805,0.0018851678045006183,2.0424800420233375,6.030192399149401,11.687902187903,0.0023846911032023854,0.005283235488795416,0.014581338349341805,0.0
reduced_electrostatic_reference,10,electric_field_aligned_image_sensitivity_v1,relative_flow_screened_collection_orbital_v1,0.0009,287,287,287,287,1.0,0.0010039169370755464,0.001415091142351565,0.003260651712675446,2.258264249234621,8.70712235242254,15.85296460983386,0.004015926262393776,0.008559560526089888,0.03623297987770434,0.0
reduced_electrostatic_reference,10,electric_field_aligned_image_sensitivity_v1,relative_flow_screened_collection_orbital_v1,0.001,287,287,287,287,1.0,0.001159549440773077,0.002420024301230156,0.005054633818861982,2.5556406695340455,11.648438990748547,20.04727498263227,0.006114052346724463,0.022939873239458564,0.0743485125976977,0.0
reduced_electrostatic_reference,10,electric_field_aligned_image_sensitivity_v1,relative_flow_screened_collection_orbital_v1,0.0010999999999999998,287,287,287,287,1.0,0.0014301146050146704,0.003735535453967192,0.007263682425698553,2.8084873032516304,14.522497002617786,24.141014002185546,0.008730605783370038,0.04683544711497384,0.13147758220114564,0.0
reduced_electrostatic_reference,10,electric_field_aligned_image_sensitivity_v1,relative_flow_screened_collection_orbital_v1,0.0012000000000000001,287,287,287,287,1.0,0.001670570254186988,0.0053099063058514645,0.009873537791211976,2.966061245756406,17.190530034153312,28.02978935701907,0.011716414258021501,0.08482690260558748,0.2230499058129721,0.0
reduced_electrostatic_reference,10,electric_field_aligned_image_sensitivity_v1,relative_flow_screened_collection_orbital_v1,0.0013,287,287,287,287,1.0,0.001979473699471389,0.0071676990931592325,0.012856077675830158,3.1775432065077056,19.498237618164787,31.541562970221182,0.015055272779100903,0.1399835798004034,0.3405183180460938,0.0
reduced_electrostatic_reference,10,electric_field_aligned_image_sensitivity_v1,relative_flow_screened_collection_orbital_v1,0.0014,287,287,287,287,1.0,0.0023043207293338224,0.009230657081762659,0.01616116996397526,3.4396861534298058,21.36419471010323,34.46167107476064,0.02027046064176119,0.2159753997657654,0.5012862090577241,0.0
reduced_electrostatic_reference,10,electric_field_aligned_image_sensitivity_v1,relative_flow_screened_collection_orbital_v1,0.0015,287,287,287,287,1.0,0.002598940202399882,0.011441407143687306,0.019718725276022184,3.765436956570568,22.746098447469866,36.630660108784184,0.02579558840231755,0.3086306211777356,0.6858225611226811,0.0
reduced_electrostatic_reference,10,electric_field_aligned_image_sensitivity_v1,relative_flow_screened_collection_orbital_v1,0.0015999999999999999,287,287,287,287,1.0,0.0030260088781578964,0.013724974498230891,0.023446981131191248,4.162301218211532,23.579942559515107,37.951240349910975,0.0309826479942501,0.4185930497669874,0.8720353276199534,0.0
reduced_electrostatic_reference,10,electric_field_aligned_image_sensitivity_v1,relative_flow_screened_collection_orbital_v1,0.0017000000000000001,287,287,287,287,1.0,0.0034475030807866874,0.016078022913440713,0.027259430804737205,4.446956142914873,24.1938999729362,38.433926496129246,0.03762753373882788,0.5453878588822512,1.0672650792804623,0.0
reduced_electrostatic_reference,10,electric_field_aligned_image_sensitivity_v1,relative_flow_screened_collection_orbital_v1,0.0018,287,287,287,287,1.0,0.0037941748547083817,0.018456754129989827,0.031078517123488303,4.593265261302044,24.361633040553315,38.20434044653243,0.04419868261263815,0.6810773608573835,1.2621867829599684,0.0
reduced_electrostatic_reference,10,electric_field_aligned_image_sensitivity_v1,relative_flow_screened_collection_orbital_v1,0.0019000000000000002,287,287,287,287,1.0,0.004152898569278957,0.020945218953526412,0.0348439903476948,4.643757284281652,23.89508791019052,37.42107719559393,0.05046950814072915,0.8426765552620885,1.4917382080125343,0.0
reduced_electrostatic_reference,10,electric_field_aligned_image_sensitivity_v1,relative_flow_screened_collection_orbital_v1,0.002,287,287,287,287,1.0,0.004381977161211871,0.023443330413143445,0.03850619247888084,4.609762714439888,23.09038215522023,36.225465007914,0.055965201590169045,1.009734100879297,1.7389920956252016,0.0
reduced_electrostatic_reference,10,electric_field_aligned_image_sensitivity_v1,relative_flow_screened_collection_orbital_v1,0.0021,287,287,287,287,1.0,0.004635288444600798,0.025923615460716486,0.04202844205390229,4.306677762975019,22.87456213774546,34.874887292702546,0.06064422504706357,1.190413173321581,1.9905854118688089,0.0
reduced_electrostatic_reference,10,electric_field_aligned_image_sensitivity_v1,relative_flow_screened_collection_orbital_v1,0.0022,287,287,287,287,1.0,0.0047848089062136525,0.028377500814761588,0.04538009418527915,3.8351333872046633,22.199227672071586,33.28520555746996,0.06401004739797145,1.3744784450263627,2.260621447592761,0.0
reduced_electrostatic_reference,10,electric_field_aligned_image_sensitivity_v1,relative_flow_screened_collection_orbital_v1,0.0023,287,287,287,287,1.0,0.004959434378590368,0.03049801922109631,0.04853670302690411,3.543893845922842,21.68714107745231,31.62672323406,0.06845232381783717,1.5388228499483922,2.5277487721395153,0.0
reduced_electrostatic_reference,10,electric_field_aligned_image_sensitivity_v1,relative_flow_screened_collection_orbital_v1,0.0024000000000000002,287,287,287,287,1.0,0.005082434450245948,0.032368142419161944,0.051477360315425574,3.4578368957360994,20.902951140636823,29.83341477424813,0.07286142458875133,1.702411164373865,2.7928751418323414,0.0
reduced_electrostatic_reference,10,electric_field_aligned_image_sensitivity_v1,relative_flow_screened_collection_orbital_v1,0.0025,287,287,287,287,1.0,0.005236257618541552,0.033969550033877256,0.05443361934881753,3.502306132322958,19.614959901679125,28.172354822485175,0.07656033415483421,1.8862021951583878,3.052683478445658,0.0
reduced_electrostatic_reference,10,electric_field_aligned_image_sensitivity_v1,relative_flow_screened_collection_orbital_v1,0.0026,287,287,287,287,1.0,0.005478648399100129,0.03537560367399171,0.057286793597242536,3.79775606612073,17.894680317969314,26.80118307943373,0.08004182435291796,2.0764146957652914,3.309340255569135,0.0
reduced_electrostatic_reference,10,electric_field_aligned_image_sensitivity_v1,relative_flow_screened_collection_orbital_v1,0.0027,287,287,287,287,1.0,0.0055475875865374415,0.03663364924498952,0.0599300739005491,4.0630850918972765,16.6343833980236,25.477238816240032,0.08632387547209674,2.2443134068226187,3.5919628619279718,0.0
reduced_electrostatic_reference,10,electric_field_aligned_image_sensitivity_v1,relative_flow_screened_collection_orbital_v1,0.0028,287,287,287,287,1.0,0.005514962819754353,0.03819289889128431,0.06229390789379737,4.210019976668858,15.190947140468657,24.00093400993068,0.08585261306804881,2.4196569694222894,3.8656396582500316,0.0
reduced_electrostatic_reference,10,electric_field_aligned_image_sensitivity_v1,relative_flow_screened_collection_orbital_v1,0.0029,287,287,287,287,1.0,0.005444706323685537,0.03948917732522712,0.06449849318216701,4.483618691591088,13.837221684155024,22.648240827703134,0.08552006701929571,2.530488861227959,4.154888115600284,0.0
reduced_electrostatic_reference,10,electric_field_aligned_image_sensitivity_v1,relative_flow_screened_collection_orbital_v1,0.003,287,287,287,287,1.0,0.005426217387663755,0.04065299149302614,0.06654134755360301,4.887081490379777,12.632617837723563,21.307660959158433,0.0871001002516607,2.6065154268623694,4.34878639890048,0.0
reduced_electrostatic_reference,10,electric_field_aligned_image_sensitivity_v1,relative_flow_screened_collection_orbital_v1,0.0031,287,287,287,287,1.0,0.005405709858824225,0.04177154950244154,0.0684430233554621,4.965830324686963,11.23949319963537,19.699904324825155,0.08822374338856775,2.729814335535286,4.566160690924524,0.0
reduced_electrostatic_reference,10,electric_field_aligned_image_sensitivity_v1,relative_flow_screened_collection_orbital_v1,0.0032,287,287,287,287,1.0,0.005378639800914403,0.04305228234771828,0.07017206381781355,4.797174689344252,10.923662651045987,18.49363840451881,0.0859145204181857,2.8629995031188193,4.822757933376981,0.0
reduced_electrostatic_reference,10,electric_field_aligned_image_sensitivity_v1,relative_flow_screened_collection_orbital_v1,0.0033,287,287,287,287,1.0,0.0053657178374420765,0.0439008597565508,0.07173864672755895,4.966993415780788,11.812601312675394,17.310366109029573,0.08296498960145016,2.9959285874444257,5.073256666056828,0.0
reduced_electrostatic_reference,10,electric_field_aligned_image_sensitivity_v1,relative_flow_screened_collection_orbital_v1,0.0034,287,287,287,287,1.0,0.005384093888397751,0.04453832872115813,0.0731596126386489,4.4915528174789445,11.78004263878773,16.828839156614734,0.07999662241122962,3.1402389253864005,5.350158281849747,0.0
reduced_electrostatic_reference,10,electric_field_aligned_image_sensitivity_v1,relative_flow_screened_collection_orbital_v1,0.0035,287,287,287,287,1.0,0.005483815888215044,0.04509621309474388,0.07445460365922679,4.228407081959719,12.466090776144668,17.254601264661567,0.07749158716251259,3.2633955344500833,5.632418951434474,0.0
reduced_electrostatic_reference,10,electric_field_aligned_image_sensitivity_v1,relative_flow_screened_collection_orbital_v1,0.0036,287,287,287,287,1.0,0.005579563337249955,0.04514717489460635,0.0756444986866028,3.915487554364317,12.889321777957859,17.585406944872616,0.07583309772387992,3.3376548548086826,5.908917816064692,0.0
reduced_electrostatic_reference,10,electric_field_aligned_image_sensitivity_v1,relative_flow_screened_collection_orbital_v1,0.0037,287,287,287,287,1.0,0.0056749354040032994,0.04519621714910045,0.07676786292976119,3.593427883010674,12.77160108500455,17.002879210192408,0.07231402307936463,3.408627561678294,6.133388575316638,0.0
reduced_electrostatic_reference,10,electric_field_aligned_image_sensitivity_v1,relative_flow_screened_collection_orbital_v1,0.0038,287,287,287,287,1.0,0.005806512305440021,0.04540472459203719,0.07783289378139283,3.3881783256394056,13.02938923176985,16.92336981409156,0.0696823468234058,3.46928848963217,6.343866996723631,0.0
reduced_electrostatic_reference,10,electric_field_aligned_image_sensitivity_v1,relative_flow_screened_collection_orbital_v1,0.0039,287,287,287,287,1.0,0.005878599526095677,0.04548875461078795,0.07882186407860109,3.5142144345417807,12.984842049479367,16.90787108794786,0.06890905895272681,3.538922348906049,6.5444860282628845,0.0
reduced_electrostatic_reference,10,electric_field_aligned_image_sensitivity_v1,relative_flow_screened_collection_orbital_v1,0.004,287,287,287,287,1.0,0.006026273698384065,0.04531755345898178,0.0797694200571588,3.3510140727573194,12.498505984710663,16.55750601900749,0.06700774493509698,3.6565861988196313,6.733595856599363,0.0
reduced_electrostatic_reference,10,electric_field_aligned_image_sensitivity_v1,relative_flow_screened_collection_orbital_v1,0.0041,287,287,287,287,1.0,0.006252533888604904,0.04508745234002936,0.08067368173093023,3.297297822939479,11.620291009620265,16.012088481949878,0.06437442758267764,3.755461053026545,6.99759878744502,0.0
reduced_electrostatic_reference,10,electric_field_aligned_image_sensitivity_v1,relative_flow_screened_collection_orbital_v1,0.004200000000000001,287,287,287,287,1.0,0.006322675546633656,0.04475821302827525,0.08156619816613726,3.0542491533077842,10.890292387736935,15.903175926210057,0.0617441988070766,3.8488303791148075,7.141153531450582,0.0
reduced_electrostatic_reference,10,electric_field_aligned_image_sensitivity_v1,relative_flow_screened_collection_orbital_v1,0.0043,287,287,287,287,1.0,0.006355367906832997,0.04446052592964686,0.08248152487234457,2.78754471850256,10.19589305467483,16.07156803048299,0.05908567251756125,3.994424647745054,7.328020904280987,0.0
reduced_electrostatic_reference,10,electric_field_aligned_image_sensitivity_v1,relative_flow_screened_collection_orbital_v1,0.0044,287,287,287,287,1.0,0.006425326457350289,0.044233556687762736,0.08343735604073103,2.754748097762302,9.93131392105705,15.990754388747435,0.05668041168221549,4.108337849638976,7.518614601370541,0.0
reduced_electrostatic_reference,10,electric_field_aligned_image_sensitivity_v1,relative_flow_screened_collection_orbital_v1,0.0045000000000000005,287,287,287,287,1.0,0.0064445083975298014,0.044101236956325056,0.08444439116624454,2.5783511219743094,9.726800185147585,15.275363668852966,0.05796467633233249,4.145292945731831,7.646867994616251,0.0
reduced_electrostatic_reference,10,electric_field_aligned_image_sensitivity_v1,relative_flow_screened_collection_orbital_v1,0.0046,287,287,287,287,1.0,0.006467907915457078,0.044046582595643695,0.08548628017713296,2.6401391386175974,8.892382398661592,14.517560220056925,0.05848669944985119,4.111839660579653,7.810634247592117,0.0
reduced_electrostatic_reference,10,electric_field_aligned_image_sensitivity_v1,relative_flow_screened_collection_orbital_v1,0.0047,287,287,287,287,1.0,0.006562868005306937,0.044059268365877834,0.0864691677287642,2.6067473058014685,8.716000705109693,13.739801848595949,0.059007753990854894,4.110193017816239,8.070396465472385,0.0
reduced_electrostatic_reference,10,electric_field_aligned_image_sensitivity_v1,relative_flow_screened_collection_orbital_v1,0.0048000000000000004,287,287,287,287,1.0,0.00665333093237623,0.04413255076797979,0.08730864449178717,2.618576938169977,7.9845693612546835,13.620905805743513,0.057998408094547926,4.118660215272062,8.3118298062947,0.0
reduced_electrostatic_reference,10,electric_field_aligned_image_sensitivity_v1,relative_flow_screened_collection_orbital_v1,0.0049,287,287,287,287,1.0,0.0067674846832184695,0.044257307097784505,0.08758800384050326,2.6104586877784857,7.315750934706603,13.482192449449958,0.0592157829404556,4.0971546594549,8.505098329278933,0.0
reduced_electrostatic_reference,10,electric_field_aligned_image_sensitivity_v1,relative_flow_screened_collection_orbital_v1,0.005,287,287,287,287,1.0,0.006805108009617434,0.04442452459140861,0.08726457583933779,2.4152716801540355,7.022649933517285,13.674692358104146,0.0595588671064462,4.079242143110689,8.52961361915689,0.0
reduced_electrostatic_reference,10,electric_field_aligned_image_sensitivity_v1,relative_flow_screened_collection_orbital_v1,0.006,287,287,287,287,1.0,0.00796134456412268,0.04534154774793751,0.08750470528866178,2.38453447868852,6.999027048443563,15.731015415466796,0.060335504854194255,4.360921813832332,9.334190274876129,0.0
reduced_electrostatic_reference,10,electric_field_aligned_image_sensitivity_v1,relative_flow_screened_collection_orbital_v1,0.007,287,287,287,287,1.0,0.009441696285696346,0.043638285261678636,0.08870576427256355,2.502896684229799,5.251149456694182,12.262014741492544,0.07199335491777248,4.176644082056914,10.317413985996048,0.0
reduced_electrostatic_reference,10,electric_field_aligned_image_sensitivity_v1,relative_flow_screened_collection_orbital_v1,0.008,287,287,287,287,1.0,0.01103469769000562,0.044123295275421824,0.09083450152263081,2.5712460840638687,5.421690240026927,13.074893611039016,0.07905152096391532,3.6896802372695277,9.521902445146186,0.0
reduced_electrostatic_reference,10,electric_field_aligned_image_sensitivity_v1,relative_flow_screened_collection_orbital_v1,0.009000000000000001,287,287,286,286,0.9965156794425087,0.012778063135927081,0.045819114769814394,0.09511856008909908,2.614839894656993,5.558625230355055,12.419548195543053,0.08908141162573102,2.9398401659095192,8.991102816364174,0.003484320557491289
reduced_electrostatic_reference,10,electric_field_aligned_image_sensitivity_v1,relative_flow_screened_collection_orbital_v1,0.01,287,287,281,281,0.9790940766550522,0.014931184960459523,0.04988948178943106,0.10007324961586957,2.888922978953739,6.1138571573286935,11.586623533985616,0.09480866346601857,2.3195110475272784,9.212646548358242,0.020905923344947737
reduced_electrostatic_reference,10,electric_field_aligned_image_sensitivity_v1,relative_flow_screened_collection_orbital_v1,0.011,287,287,273,273,0.9512195121951219,0.016913321317780308,0.05702914682978734,0.10571886186023595,3.3128634755470037,6.2963460775512425,10.63026139679976,0.1135870400087029,1.9007595108211612,8.009566118114366,0.04878048780487805
reduced_electrostatic_reference,10,electric_field_aligned_image_sensitivity_v1,relative_flow_screened_collection_orbital_v1,0.012,287,286,257,257,0.8954703832752613,0.01882197976678981,0.06929439966740165,0.10860421746829016,3.3400636746482224,6.387107981886902,10.35615443506619,0.12062695157631964,1.5576349933170792,7.9505290226278085,0.10104529616724739
reduced_electrostatic_reference,10,electric_field_aligned_image_sensitivity_v1,relative_flow_screened_collection_orbital_v1,0.013000000000000001,287,286,246,246,0.8571428571428571,0.020974295865513373,0.07589740242108031,0.113281857020889,3.7136428780961475,6.661539423244444,10.170024644682215,0.12736693203723348,1.2976815202367113,7.757945261116504,0.13937282229965156
reduced_electrostatic_reference,10,electric_field_aligned_image_sensitivity_v1,relative_flow_screened_collection_orbital_v1,0.014,287,285,226,226,0.7874564459930313,0.022631187499080465,0.08473457828451805,0.1164538944984786,3.8761780694075245,6.762768947648734,9.729503683413581,0.12975114619622374,1.0776214495277863,6.973009807553643,0.20557491289198607
reduced_electrostatic_reference,10,electric_field_aligned_image_sensitivity_v1,relative_flow_screened_collection_orbital_v1,0.015000000000000001,287,283,208,208,0.7247386759581882,0.025408337506934955,0.07208692867699813,0.11928470588681492,4.345556909197294,7.084799745736306,9.605089289343562,0.14190660790498555,0.837321988882669,6.795901962134061,0.2613240418118467
reduced_electrostatic_reference,10,electric_field_aligned_image_sensitivity_v1,relative_flow_screened_collection_orbital_v1,0.016,287,278,184,184,0.6411149825783972,0.02718775481667723,0.053315743907238526,0.11747028356830669,4.609416094856378,7.278233379050762,10.153226412094051,0.15496599442555592,0.7091862624105681,6.76552297579501,0.32752613240418116
reduced_electrostatic_reference,10,electric_field_aligned_image_sensitivity_v1,relative_flow_screened_collection_orbital_v1,0.017,287,273,158,158,0.5505226480836237,0.029031428778719733,0.04593422450733488,0.11588973146269242,4.420860929583072,7.702467973383622,12.188954993599943,0.15472590002928044,0.6122172982069294,6.711901062104271,0.40069686411149824
reduced_electrostatic_reference,10,electric_field_aligned_image_sensitivity_v1,relative_flow_screened_collection_orbital_v1,0.018000000000000002,287,269,143,143,0.49825783972125437,0.03115778704703243,0.04076200864002937,0.11404255980204443,4.626868378562262,7.828043832405718,10.043603249127814,0.16885639685345666,0.4415568146759454,6.569243691788143,0.43902439024390244
reduced_electrostatic_reference,10,electric_field_aligned_image_sensitivity_v1,relative_flow_screened_collection_orbital_v1,0.019000000000000003,287,264,125,125,0.4355400696864111,0.032293203456732124,0.040470752449806933,0.11643228179923328,4.605964827464825,7.833514203879121,12.025385860335044,0.1797327436215923,0.41998300847465375,1.3903382477201387,0.4843205574912892
reduced_electrostatic_reference,10,electric_field_aligned_image_sensitivity_v1,relative_flow_screened_collection_orbital_v1,0.02,287,259,98,98,0.34146341463414637,0.030595885742163348,0.04108240233680227,0.11895047745116277,4.300807896854437,7.284972807980748,12.019909254745569,0.18018097001442968,0.33282138754230034,1.2769194388885279,0.5609756097560976
reduced_electrostatic_reference,10,electric_field_aligned_image_sensitivity_v1,relative_flow_screened_collection_orbital_v1,0.020999999999999998,287,253,78,78,0.27177700348432055,0.03114530379665419,0.04249081713758761,0.1168145171959092,4.462320592296098,7.091100957809352,9.21466956224489,0.14360517875797285,0.30858476069576984,1.7513370554568022,0.6097560975609756
reduced_electrostatic_reference,10,electric_field_aligned_image_sensitivity_v1,relative_flow_screened_collection_orbital_v1,0.022,287,245,65,65,0.2264808362369338,0.03200962603195917,0.04112596166269593,0.11868020511321918,4.7757010575004735,7.811663876373635,8.827108583233743,0.15633326532651637,0.3515847310502423,1.7819035970686128,0.627177700348432
reduced_electrostatic_reference,10,electric_field_aligned_image_sensitivity_v1,relative_flow_screened_collection_orbital_v1,0.023,287,236,54,54,0.18815331010452963,0.031769940577427984,0.04321930596284249,0.12081829546967318,4.736741419132495,7.225501856317871,11.35097341972993,0.1494943199754175,0.3061504285720297,1.6930203514172075,0.6341463414634146
reduced_electrostatic_reference,10,electric_field_aligned_image_sensitivity_v1,relative_flow_screened_collection_orbital_v1,0.024,287,228,47,47,0.16376306620209058,0.0333429264073392,0.04345743017729194,0.11733137695016985,5.234268798913989,7.691603655579854,11.107149774903853,0.16737681764531231,0.32763708183102824,1.473712382247193,0.6306620209059234
reduced_electrostatic_reference,10,electric_field_aligned_image_sensitivity_v1,relative_flow_screened_collection_orbital_v1,0.025,287,225,34,34,0.11846689895470383,0.03239077745629149,0.04089880799567857,0.11682174522962352,4.317436026439208,6.55453626102142,7.6176020311467285,0.16664464351670816,0.28122342683493995,1.3680824119435306,0.6655052264808362
reduced_electrostatic_reference,10,electric_field_aligned_image_sensitivity_v1,relative_flow_screened_collection_orbital_v1,0.026000000000000002,287,215,30,30,0.10452961672473868,0.032620799129541814,0.039414748876385915,0.11873326963377523,3.749494781046745,7.041360233936435,8.641669167414895,0.18395426825621541,0.31587977315135163,0.4085486225954658,0.6445993031358885
reduced_electrostatic_reference,10,electric_field_aligned_image_sensitivity_v1,relative_flow_screened_collection_orbital_v1,0.027000000000000003,287,208,24,24,0.08362369337979095,0.0327687899140551,0.03949380986438494,0.09966052460669572,5.20030226251296,7.385614491568829,7.8508503754510235,0.19350622951817442,0.3302123421131107,0.4331604676074481,0.6411149825783972
reduced_electrostatic_reference,10,electric_field_aligned_image_sensitivity_v1,relative_flow_screened_collection_orbital_v1,0.027999999999999997,287,204,16,16,0.05574912891986063,0.03125119071742804,0.038806225966967825,0.10733717273851698,4.841082853846001,7.800428658364164,8.783659718183905,0.17338867274675707,0.2921652851616052,0.32852323915159615,0.6550522648083623
reduced_electrostatic_reference,10,electric_field_aligned_image_sensitivity_v1,relative_flow_screened_collection_orbital_v1,0.028999999999999998,287,199,12,12,0.041811846689895474,0.0329442106929012,0.03726640592891453,0.03962792624045554,4.964409747347506,8.605318129473497,11.643999302690581,0.18768529268827905,0.2758100604950713,0.3382979443959115,0.6515679442508711
reduced_electrostatic_reference,10,electric_field_aligned_image_sensitivity_v1,relative_flow_screened_collection_orbital_v1,0.03,287,192,11,11,0.03832752613240418,0.035215879537822715,0.03894061514436424,0.04316986844976391,6.778292575741542,7.136466636522778,7.901998486159118,0.206460013801383,0.2542977692438484,0.3934087563462939,0.6306620209059234
reduced_electrostatic_reference,30,electric_field_aligned_image_sensitivity_v1,relative_flow_screened_collection_orbital_v1,0.0,287,287,287,287,1.0,0.0,0.0,0.0,0.0,0.0,0.0,0.0,0.0,0.0,0.0
reduced_electrostatic_reference,30,electric_field_aligned_image_sensitivity_v1,relative_flow_screened_collection_orbital_v1,1e-05,287,287,287,287,1.0,9.808136229276851e-09,1.1684684937865189e-08,1.4761334197019762e-08,0.002299980417060361,0.0027446292594165865,0.0029378909787477047,3.934515936165894e-06,7.916656955941904e-06,8.713188010212035e-06,0.0
reduced_electrostatic_reference,30,electric_field_aligned_image_sensitivity_v1,relative_flow_screened_collection_orbital_v1,2e-05,287,287,287,287,1.0,5.058090074066573e-08,6.732001560894518e-08,6.767550790993448e-08,0.005771663265263342,0.009255481690342867,0.009304086941167347,3.798700915114139e-05,8.370038913270151e-05,9.261861742283271e-05,0.0
reduced_electrostatic_reference,30,electric_field_aligned_image_sensitivity_v1,relative_flow_screened_collection_orbital_v1,3.0000000000000004e-05,287,287,287,287,1.0,1.2982467835236992e-07,2.0594830215875568e-07,2.0705627313023035e-07,0.010360925538503901,0.01895553227767272,0.019107805467794482,0.00014614319591910174,0.0003385001773430929,0.00037634284836354217,0.0
reduced_electrostatic_reference,30,electric_field_aligned_image_sensitivity_v1,relative_flow_screened_collection_orbital_v1,4e-05,287,287,287,287,1.0,2.5520220364844597e-07,4.552407534162111e-07,4.5892790844174227e-07,0.016711471710634966,0.03127148870318118,0.031719873731337535,0.00038916784125841986,0.0009165552712463667,0.0010116501808585452,0.0
reduced_electrostatic_reference,30,electric_field_aligned_image_sensitivity_v1,relative_flow_screened_collection_orbital_v1,5e-05,287,287,287,287,1.0,4.5926934900089206e-07,8.38177058397002e-07,8.495372070775985e-07,0.02429227064014123,0.04547207907497733,0.046746501182771155,0.0008548130043832813,0.0019402610533852283,0.0021500727146143454,0.0
reduced_electrostatic_reference,30,electric_field_aligned_image_sensitivity_v1,relative_flow_screened_collection_orbital_v1,6.000000000000001e-05,287,287,287,287,1.0,7.4443481578916e-07,1.3669908045305352e-06,1.3999897755390632e-06,0.03288699362541593,0.06148832339099733,0.06396039948365016,0.0015737039761702931,0.0035301314976980084,0.0039022561017667094,0.0
reduced_electrostatic_reference,30,electric_field_aligned_image_sensitivity_v1,relative_flow_screened_collection_orbital_v1,7.000000000000001e-05,287,287,287,287,1.0,1.1192814361687845e-06,2.0791298194242627e-06,2.1360849256186877e-06,0.04215956544633073,0.07930945772903009,0.08485035900652221,0.002654833108829635,0.005803946681673722,0.006341708994735313,0.0
reduced_electrostatic_reference,30,electric_field_aligned_image_sensitivity_v1,relative_flow_screened_collection_orbital_v1,8e-05,287,287,287,287,1.0,1.5881230892335747e-06,2.9633220833382484e-06,3.1103635631875047e-06,0.0515775855185642,0.09770901495435866,0.11507198938841068,0.004097198975642868,0.00877125092909239,0.00944701693645591,0.0
reduced_electrostatic_reference,30,electric_field_aligned_image_sensitivity_v1,relative_flow_screened_collection_orbital_v1,9e-05,287,287,287,287,1.0,2.1485215465847266e-06,4.031974715273201e-06,4.375385294170698e-06,0.058805423038588725,0.11736791704421895,0.1786330692936096,0.005891228139311977,0.012385944436999098,0.013236401023655588,0.0
reduced_electrostatic_reference,30,electric_field_aligned_image_sensitivity_v1,relative_flow_screened_collection_orbital_v1,0.0001,287,287,287,287,1.0,2.7877898576733537e-06,5.278507066270907e-06,7.198061738471371e-06,0.06844849525168498,0.13676290045908995,0.1917093508550152,0.007814145573982856,0.016513418149218497,0.017823392588396346,0.0
reduced_electrostatic_reference,30,electric_field_aligned_image_sensitivity_v1,relative_flow_screened_collection_orbital_v1,0.00011,287,287,287,287,1.0,3.426969959806044e-06,6.70796950788189e-06,9.211431014405672e-06,0.07826276422686923,0.15626793778143436,0.20640027987263798,0.009920444616611235,0.020673646282043025,0.022774651876454464,0.0
reduced_electrostatic_reference,30,electric_field_aligned_image_sensitivity_v1,relative_flow_screened_collection_orbital_v1,0.00012000000000000002,287,287,287,287,1.0,4.244451236708614e-06,8.365703161028136e-06,1.1344277723086109e-05,0.0875111968039474,0.17270444792215203,0.27715666967061836,0.013268983928334421,0.024985425250154947,0.027132143287454145,0.0
reduced_electrostatic_reference,30,electric_field_aligned_image_sensitivity_v1,relative_flow_screened_collection_orbital_v1,0.00013000000000000002,287,287,287,287,1.0,5.2313688874010836e-06,1.0213311945530564e-05,1.3599611445981406e-05,0.09837911992609469,0.1912018278692637,0.36878716121065785,0.016078008240526742,0.029599132897369883,0.030895313766612916,0.0
reduced_electrostatic_reference,30,electric_field_aligned_image_sensitivity_v1,relative_flow_screened_collection_orbital_v1,0.00014000000000000001,287,287,287,287,1.0,6.263130718962038e-06,1.225012862242002e-05,1.8304542524828088e-05,0.10799321121798895,0.20933243388737172,0.4231356015237056,0.0191702065636008,0.03324539796616222,0.036583024665457056,0.0
reduced_electrostatic_reference,30,electric_field_aligned_image_sensitivity_v1,relative_flow_screened_collection_orbital_v1,0.00015000000000000001,287,287,287,287,1.0,7.453558940245406e-06,1.4466281706466929e-05,2.1769366845616832e-05,0.12022417464882125,0.23475105948824074,0.43456468076803434,0.02185343178817334,0.0367040557277349,0.0407480832128541,0.0
reduced_electrostatic_reference,30,electric_field_aligned_image_sensitivity_v1,relative_flow_screened_collection_orbital_v1,0.00016,287,287,287,287,1.0,8.938608665991977e-06,1.6801443567650513e-05,2.557477010082658e-05,0.13254584437001354,0.2548782706445563,0.45066620224434467,0.023624471034615624,0.040430356814459154,0.04407524080094844,0.0
reduced_electrostatic_reference,30,electric_field_aligned_image_sensitivity_v1,relative_flow_screened_collection_orbital_v1,0.00017,287,287,287,287,1.0,1.0511232359358235e-05,1.930705384997725e-05,3.0339672970213625e-05,0.14515476016726758,0.27664287714897495,0.4661862334583189,0.025743905589216354,0.043442424656673494,0.04834365753602441,0.0
reduced_electrostatic_reference,30,electric_field_aligned_image_sensitivity_v1,relative_flow_screened_collection_orbital_v1,0.00018,287,287,287,287,1.0,1.2082561376030397e-05,2.208748682590659e-05,3.5067010146738364e-05,0.15883920523449016,0.30249673965771356,0.4802040647961137,0.028230174257053875,0.04743447541044293,0.052944209081385266,0.0
reduced_electrostatic_reference,30,electric_field_aligned_image_sensitivity_v1,relative_flow_screened_collection_orbital_v1,0.00019,287,287,287,287,1.0,1.3818154424321528e-05,2.526186929493079e-05,4.04985413694471e-05,0.17898323379159684,0.32118969504292905,0.4924228442118205,0.02973778830445184,0.04987233155971184,0.05760000699121171,0.0
reduced_electrostatic_reference,30,electric_field_aligned_image_sensitivity_v1,relative_flow_screened_collection_orbital_v1,0.0002,287,287,287,287,1.0,1.5741096146268797e-05,2.838877120773861e-05,4.6057875704573515e-05,0.19763801103295944,0.3433437443835772,0.5022716141794806,0.03052407733583351,0.05396155505414271,0.06169389640424518,0.0
reduced_electrostatic_reference,30,electric_field_aligned_image_sensitivity_v1,relative_flow_screened_collection_orbital_v1,0.00021,287,287,287,287,1.0,1.7859946788055386e-05,3.176419963567803e-05,5.172821218161869e-05,0.21901239893533997,0.3698745463925675,0.5061431486164488,0.030966523853864558,0.057098408420087336,0.06669188959816083,0.0
reduced_electrostatic_reference,30,electric_field_aligned_image_sensitivity_v1,relative_flow_screened_collection_orbital_v1,0.00022,287,287,287,287,1.0,2.0197912719542872e-05,3.5339402153471706e-05,5.751513882075032e-05,0.24023888108415228,0.3905032207770036,0.5175622170377643,0.03159709834292812,0.06043705986089592,0.07128693444436122,0.0
reduced_electrostatic_reference,30,electric_field_aligned_image_sensitivity_v1,relative_flow_screened_collection_orbital_v1,0.00023,287,287,287,287,1.0,2.2754316905987213e-05,3.910475376914443e-05,6.33944382325588e-05,0.26112858362351676,0.40632881706850377,0.5233333542238731,0.0321585004418381,0.0625861021204394,0.07702069578519306,0.0
reduced_electrostatic_reference,30,electric_field_aligned_image_sensitivity_v1,relative_flow_screened_collection_orbital_v1,0.00024000000000000003,287,287,287,287,1.0,2.5546037535120657e-05,4.325588822969498e-05,6.934060826502572e-05,0.2858769180639454,0.4310893341830294,0.551799229219518,0.032747343080032465,0.06623356701918656,0.08167168043290786,0.0
reduced_electrostatic_reference,30,electric_field_aligned_image_sensitivity_v1,relative_flow_screened_collection_orbital_v1,0.00025,287,287,287,287,1.0,2.858287396787175e-05,4.749924079301066e-05,7.532686409513581e-05,0.309682731103517,0.4498146487843907,0.5821765946268248,0.03334152998691309,0.07205978866462039,0.08763671704377486,0.0
reduced_electrostatic_reference,30,electric_field_aligned_image_sensitivity_v1,relative_flow_screened_collection_orbital_v1,0.00026000000000000003,287,287,287,287,1.0,3.183878078520902e-05,5.229852807512259e-05,8.119363179132778e-05,0.33569645286461103,0.48044509133248187,0.6015655911900134,0.03367838212874119,0.08041819052625102,0.09425368073993147,0.0
reduced_electrostatic_reference,30,electric_field_aligned_image_sensitivity_v1,relative_flow_screened_collection_orbital_v1,0.00027,287,287,287,287,1.0,3.531717681502927e-05,5.746175707570369e-05,8.594647280382535e-05,0.364143635392738,0.5118104873955371,0.6202362889469609,0.034501000125175096,0.08545512919835264,0.1024194308162351,0.0
reduced_electrostatic_reference,30,electric_field_aligned_image_sensitivity_v1,relative_flow_screened_collection_orbital_v1,0.00028000000000000003,287,287,287,287,1.0,3.9078385664443605e-05,6.277371462814192e-05,9.034254896111563e-05,0.3920858646190717,0.5414881578461687,0.6517102754765176,0.0343603356414377,0.08899309888553657,0.10805743120690188,0.0
reduced_electrostatic_reference,30,electric_field_aligned_image_sensitivity_v1,relative_flow_screened_collection_orbital_v1,0.00029,287,287,287,287,1.0,4.312996463210084e-05,6.830642813785945e-05,9.541028116874678e-05,0.4171800197734698,0.5677581998457385,0.6992378284693679,0.03450269690488028,0.0984150054551311,0.11538142128201044,0.0
reduced_electrostatic_reference,30,electric_field_aligned_image_sensitivity_v1,relative_flow_screened_collection_orbital_v1,0.00030000000000000003,287,287,287,287,1.0,4.747379617745429e-05,7.368099740095515e-05,0.00010005816514745143,0.44038190841166647,0.5943798500807423,0.7351672937146613,0.03393644508332727,0.11208969043595192,0.12121734216866088,0.0
reduced_electrostatic_reference,30,electric_field_aligned_image_sensitivity_v1,relative_flow_screened_collection_orbital_v1,0.00031,287,287,287,287,1.0,5.21112328315667e-05,7.888859352066966e-05,0.00010542806348894871,0.47278327866416836,0.6248826517544006,0.7644607473769375,0.03377765379983089,0.11944290761411695,0.13093493251557148,0.0
reduced_electrostatic_reference,30,electric_field_aligned_image_sensitivity_v1,relative_flow_screened_collection_orbital_v1,0.00032,287,287,287,287,1.0,5.704312356301909e-05,8.485904699216231e-05,0.00011109710472005459,0.5040606181504614,0.6528798377015098,0.7934970246616614,0.03358741453860148,0.12571638263809962,0.13927338985322293,0.0
reduced_electrostatic_reference,30,electric_field_aligned_image_sensitivity_v1,relative_flow_screened_collection_orbital_v1,0.00033000000000000005,287,287,287,287,1.0,6.226970352218514e-05,9.189458291786721e-05,0.00011706184044196926,0.5330654973020775,0.6845950002296822,0.8221487961263237,0.0333828459011869,0.1360324679558161,0.14920031453054514,0.0
reduced_electrostatic_reference,30,electric_field_aligned_image_sensitivity_v1,relative_flow_screened_collection_orbital_v1,0.00034,287,287,287,287,1.0,6.780103280717551e-05,9.908194833984033e-05,0.00012331829027110555,0.5646828125581379,0.7149395203312827,0.8498260358559855,0.03347294272739987,0.1401632884528603,0.1602305109369123,0.0
reduced_electrostatic_reference,30,electric_field_aligned_image_sensitivity_v1,relative_flow_screened_collection_orbital_v1,0.00035000000000000005,287,287,287,287,1.0,7.368906222033052e-05,0.00010625006354823457,0.0001312888688843585,0.5969117773225938,0.7482228363167772,0.8766335454435304,0.03320140451030795,0.1386328544595955,0.17291103737419894,0.0
reduced_electrostatic_reference,30,electric_field_aligned_image_sensitivity_v1,relative_flow_screened_collection_orbital_v1,0.00036,287,287,287,287,1.0,8.001167851447151e-05,0.0001137276210387321,0.00014020688999959524,0.6293824660520883,0.7809742900081821,0.9018739619965227,0.0329501405256849,0.13440446231519163,0.18015953177796526,0.0
reduced_electrostatic_reference,30,electric_field_aligned_image_sensitivity_v1,relative_flow_screened_collection_orbital_v1,0.00037000000000000005,287,287,287,287,1.0,8.666785150191566e-05,0.00012151681640354705,0.0001494077905208131,0.6620004838324361,0.8111604829459689,0.9283693106527632,0.03290712599753931,0.12950313436516298,0.18287437239063792,0.0
reduced_electrostatic_reference,30,electric_field_aligned_image_sensitivity_v1,relative_flow_screened_collection_orbital_v1,0.00038,287,287,287,287,1.0,9.3611871295257e-05,0.00012990024628571392,0.00015889504076504725,0.6947463851597736,0.8420784078474931,0.9611056412563833,0.0323076348775686,0.12457364193961383,0.1821298329775269,0.0
reduced_electrostatic_reference,30,electric_field_aligned_image_sensitivity_v1,relative_flow_screened_collection_orbital_v1,0.00039000000000000005,287,287,287,287,1.0,0.00010076068180274411,0.00013861507195483898,0.00016865539897568664,0.7275690875081212,0.8743853608835621,0.9867750899920867,0.03201726217321266,0.11946241901923572,0.17829934705088646,0.0
reduced_electrostatic_reference,30,electric_field_aligned_image_sensitivity_v1,relative_flow_screened_collection_orbital_v1,0.0004,287,287,287,287,1.0,0.00010823144066182866,0.00014758483902741788,0.00017868332576213933,0.7604340076889247,0.9081882423985183,1.0143390163118329,0.03174461763070724,0.11411413568478822,0.17131479498209,0.0
reduced_electrostatic_reference,30,electric_field_aligned_image_sensitivity_v1,relative_flow_screened_collection_orbital_v1,0.00041000000000000005,287,287,287,287,1.0,0.00011602420308678082,0.00015682771841106497,0.00018905439440073432,0.7932732672727474,0.9417193237815961,1.0420290958516574,0.031350604175628405,0.1090375567691993,0.16451204984021073,0.0
reduced_electrostatic_reference,30,electric_field_aligned_image_sensitivity_v1,relative_flow_screened_collection_orbital_v1,0.00042,287,287,287,287,1.0,0.0001241461871463809,0.00016625274727779656,0.00019977426264155326,0.8200519241293402,0.9755088447314373,1.0754385129427633,0.03125383967494599,0.10433993664865683,0.15759926230265917,0.0
reduced_electrostatic_reference,30,electric_field_aligned_image_sensitivity_v1,relative_flow_screened_collection_orbital_v1,0.00043000000000000004,287,287,287,287,1.0,0.00013259651640757777,0.00017599666960153336,0.00021084250840351922,0.8519769222644191,1.0090238435131353,1.1109037451805883,0.030661083781382104,0.09991941129497804,0.1505025961298851,0.0
reduced_electrostatic_reference,30,electric_field_aligned_image_sensitivity_v1,relative_flow_screened_collection_orbital_v1,0.00044,287,287,287,287,1.0,0.0001413745200530339,0.00018603368125700746,0.0002222583537501599,0.8842704054774622,1.0417658776405594,1.1455974425686188,0.030270600428096373,0.09584705211938598,0.14325668150777232,0.0
reduced_electrostatic_reference,30,electric_field_aligned_image_sensitivity_v1,relative_flow_screened_collection_orbital_v1,0.00045000000000000004,287,287,287,287,1.0,0.00015050410015526194,0.0001964610670840933,0.0002340208929592513,0.9168347924233353,1.0754922083040381,1.1801568328817589,0.02996221575638458,0.09222209679726918,0.1366348431937119,0.0
reduced_electrostatic_reference,30,electric_field_aligned_image_sensitivity_v1,relative_flow_screened_collection_orbital_v1,0.00046,287,287,287,287,1.0,0.00016005791349592207,0.00020743073782390544,0.00024612866344225634,0.9522002744059112,1.109824859238929,1.214526033962447,0.02964880291682448,0.08881024981443919,0.13047657135727447,0.0
reduced_electrostatic_reference,30,electric_field_aligned_image_sensitivity_v1,relative_flow_screened_collection_orbital_v1,0.00047000000000000004,287,287,287,287,1.0,0.00016995789248167633,0.0002185280798944032,0.00025857950179915127,0.9876394429006249,1.1454872099242568,1.2487868045052846,0.029396632268003486,0.08560703857281601,0.1246850321534957,0.0
reduced_electrostatic_reference,30,electric_field_aligned_image_sensitivity_v1,relative_flow_screened_collection_orbital_v1,0.00048000000000000007,287,287,287,287,1.0,0.00018020365236108313,0.00022993623280702008,0.0002713718567410194,1.0244368701972824,1.18056008039397,1.282870645257662,0.02877775377662317,0.08243472429415141,0.11918679998511535,0.0
reduced_electrostatic_reference,30,electric_field_aligned_image_sensitivity_v1,relative_flow_screened_collection_orbital_v1,0.0004900000000000001,287,287,287,287,1.0,0.00019079394012457495,0.00024154208209788646,0.0002845033037417543,1.0594389227088088,1.2162314221947443,1.3167419413441537,0.028182035648981696,0.0794392906898168,0.11410365801207888,0.0
reduced_electrostatic_reference,30,electric_field_aligned_image_sensitivity_v1,relative_flow_screened_collection_orbital_v1,0.0005,287,287,287,287,1.0,0.00020172688611447124,0.0002536543063721215,0.00029797095860203455,1.0910971795686808,1.2506428276024875,1.3515022110028978,0.027857136636768587,0.07665346526849254,0.10943467873109596,0.0
reduced_electrostatic_reference,30,electric_field_aligned_image_sensitivity_v1,relative_flow_screened_collection_orbital_v1,0.0006,287,287,287,287,1.0,0.0003257088525252166,0.00039304238794463846,0.00045049729106685747,1.4144953402933522,1.6080591073981179,1.694052736563315,0.024682539677314708,0.056902346823915206,0.0771977979379477,0.0
reduced_electrostatic_reference,30,electric_field_aligned_image_sensitivity_v1,relative_flow_screened_collection_orbital_v1,0.0007,287,287,287,287,1.0,0.00047903878349369054,0.000570191056238599,0.000637981150064914,1.6547464451008196,1.9452676977155747,2.035876133955865,0.017528824028190115,0.04470825883001908,0.05897563483317554,0.0
reduced_electrostatic_reference,30,electric_field_aligned_image_sensitivity_v1,relative_flow_screened_collection_orbital_v1,0.0007999999999999999,287,287,287,287,1.0,0.0006513287182194912,0.0007796001113811543,0.0008578702774887455,1.7886580912883783,2.2715373684136004,2.3516767510798333,0.01337420014689883,0.03417906139263778,0.046428217027782916,0.0
reduced_electrostatic_reference,30,electric_field_aligned_image_sensitivity_v1,relative_flow_screened_collection_orbital_v1,0.0009,287,287,287,287,1.0,0.000830177839157508,0.0010174321111721368,0.0010958366338978116,1.784784031357173,2.585820301947236,2.640074657953087,0.025731253366217288,0.04446177872532928,0.06476695541480779,0.0
reduced_electrostatic_reference,30,electric_field_aligned_image_sensitivity_v1,relative_flow_screened_collection_orbital_v1,0.001,287,287,287,287,1.0,0.0009941267051662881,0.0012836252917789847,0.0013609478345557992,1.6559635958572045,2.875233011867506,2.9427061629206266,0.05214843899857158,0.09468869832117836,0.1246493372239186,0.0
reduced_electrostatic_reference,30,electric_field_aligned_image_sensitivity_v1,relative_flow_screened_collection_orbital_v1,0.0010999999999999998,287,287,287,287,1.0,0.0011398030641291018,0.0015798706502527845,0.0016494451455538056,1.4717138021515905,3.1260372181938494,3.2384619213260817,0.09058168636411779,0.15471089408877395,0.20198232702979255,0.0
reduced_electrostatic_reference,30,electric_field_aligned_image_sensitivity_v1,relative_flow_screened_collection_orbital_v1,0.0012000000000000001,287,287,287,287,1.0,0.0012446821754037516,0.0018979818994602268,0.0019598490994641705,1.2129246857719667,3.3380553023507837,3.4904390931867404,0.13959698704036327,0.2176255339051352,0.2841856048574824,0.0
reduced_electrostatic_reference,30,electric_field_aligned_image_sensitivity_v1,relative_flow_screened_collection_orbital_v1,0.0013,287,287,287,287,1.0,0.001315318441743244,0.002239595629718721,0.0023114919298765067,1.3666177691990862,3.5105041667546026,3.7599683865301814,0.1972157882282204,0.28397029670145457,0.3478411351028503,0.0
reduced_electrostatic_reference,30,electric_field_aligned_image_sensitivity_v1,relative_flow_screened_collection_orbital_v1,0.0014,287,287,287,287,1.0,0.0013539804371825884,0.002600007719900757,0.0026886819042519195,1.722997422806093,3.658560504155622,3.9681380227012553,0.256490992620229,0.3445705708012043,0.39038630002841723,0.0
reduced_electrostatic_reference,30,electric_field_aligned_image_sensitivity_v1,relative_flow_screened_collection_orbital_v1,0.0015,287,287,287,287,1.0,0.001348987150398974,0.002966359465823821,0.0030828628682965827,2.3325450526452114,4.076232666913171,5.060313712084037,0.3054110647816515,0.39222321268721894,0.48457765776226985,0.0
reduced_electrostatic_reference,30,electric_field_aligned_image_sensitivity_v1,relative_flow_screened_collection_orbital_v1,0.0015999999999999999,287,287,287,287,1.0,0.0013103196441906302,0.0033340499894549337,0.0035029354364524003,3.1727655787196647,4.90181463689799,6.736410824121603,0.3248963561457856,0.46236801000475797,0.586036529076366,0.0
reduced_electrostatic_reference,30,electric_field_aligned_image_sensitivity_v1,relative_flow_screened_collection_orbital_v1,0.0017000000000000001,287,287,287,287,1.0,0.0013666263744824413,0.003722220103987222,0.003949466783705018,3.911715414909394,6.2763481406308355,8.370164258961504,0.3266360556347365,0.545135508306214,0.7179319765095776,0.0
reduced_electrostatic_reference,30,electric_field_aligned_image_sensitivity_v1,relative_flow_screened_collection_orbital_v1,0.0018,287,287,287,287,1.0,0.0016519623500817174,0.00411061110580813,0.00440763982318721,4.566980260589558,7.631936989264956,9.973878747654693,0.29006084299479085,0.6404629620170681,0.8460601313789945,0.0
reduced_electrostatic_reference,30,electric_field_aligned_image_sensitivity_v1,relative_flow_screened_collection_orbital_v1,0.0019000000000000002,287,287,287,287,1.0,0.0020212683404410557,0.004499403223450746,0.004874990607744403,5.194317054833217,9.183104650373956,11.518537767710255,0.251755318408442,0.7395163189911331,0.9997504944986951,0.0
reduced_electrostatic_reference,30,electric_field_aligned_image_sensitivity_v1,relative_flow_screened_collection_orbital_v1,0.002,287,287,287,287,1.0,0.002511984214897514,0.004923129755179169,0.0053544935097459495,6.007441327181053,10.722657248617434,12.892807393236895,0.28686904703229743,0.8842902086368385,1.1396903127750841,0.0
reduced_electrostatic_reference,30,electric_field_aligned_image_sensitivity_v1,relative_flow_screened_collection_orbital_v1,0.0021,287,287,287,287,1.0,0.003206455032871236,0.0055198503432489065,0.006029344858159509,6.800148611743548,12.051901851439219,14.143375268549164,0.44701119183716287,1.0856154154192614,1.5645001970899954,0.0
reduced_electrostatic_reference,30,electric_field_aligned_image_sensitivity_v1,relative_flow_screened_collection_orbital_v1,0.0022,287,287,287,287,1.0,0.004008435357876833,0.006231917234331467,0.007485841296129771,7.52484607716809,13.430677147915581,15.24587339095855,0.7095751473950713,1.353529174927133,2.2994702376415725,0.0
reduced_electrostatic_reference,30,electric_field_aligned_image_sensitivity_v1,relative_flow_screened_collection_orbital_v1,0.0023,287,287,287,287,1.0,0.004792978266514291,0.006917627730074267,0.00903677209663581,8.206335614751817,14.532358991498867,16.167921524037848,0.839784371083681,1.766198691011244,3.1684544357219813,0.0
reduced_electrostatic_reference,30,electric_field_aligned_image_sensitivity_v1,relative_flow_screened_collection_orbital_v1,0.0024000000000000002,287,287,287,287,1.0,0.005675882269892591,0.008315832889457683,0.010655109695806643,8.894940698598978,15.423081455166825,16.925097209435705,1.0112892913021767,2.5417317971831217,4.200133793968547,0.0
reduced_electrostatic_reference,30,electric_field_aligned_image_sensitivity_v1,relative_flow_screened_collection_orbital_v1,0.0025,287,287,287,287,1.0,0.006494130803788682,0.009889470163154765,0.012339693791341467,9.536308599971585,16.112587192896306,17.469272072531933,1.165080447480591,3.4008854617636937,5.313632369478693,0.0
reduced_electrostatic_reference,30,electric_field_aligned_image_sensitivity_v1,relative_flow_screened_collection_orbital_v1,0.0026,287,287,287,287,1.0,0.0073691954553663,0.011456609800445976,0.01407594063803261,10.098708503784806,16.665091045528996,17.88075651292064,1.3552329468148514,4.363556956439599,6.522115506943782,0.0
reduced_electrostatic_reference,30,electric_field_aligned_image_sensitivity_v1,relative_flow_screened_collection_orbital_v1,0.0027,287,287,287,287,1.0,0.008073636390923957,0.013152557197690167,0.015836645120445716,10.574122478372615,17.07173213754996,18.067054795759553,1.4840442321719252,5.393351162383875,7.835050059266435,0.0
reduced_electrostatic_reference,30,electric_field_aligned_image_sensitivity_v1,relative_flow_screened_collection_orbital_v1,0.0028,287,287,287,287,1.0,0.008832510803417312,0.01487658822750538,0.017604551315095748,10.969870959340295,17.255871220723286,18.11014550556337,1.683561365645886,6.488036297215546,9.20823675586027,0.0
reduced_electrostatic_reference,30,electric_field_aligned_image_sensitivity_v1,relative_flow_screened_collection_orbital_v1,0.0029,287,287,287,287,1.0,0.009426837063857359,0.016656068518180456,0.01936598766008223,11.325835024878472,17.31103912661497,18.051815444205094,1.865896402710348,7.730963305391845,10.624418692101841,0.0
reduced_electrostatic_reference,30,electric_field_aligned_image_sensitivity_v1,relative_flow_screened_collection_orbital_v1,0.003,287,287,287,287,1.0,0.010477174230016964,0.01839652957064518,0.021107838722567895,11.540494016632094,17.17042023953852,17.993539110372083,2.0326323470025045,8.968896064903985,12.062613034025457,0.0
reduced_electrostatic_reference,30,electric_field_aligned_image_sensitivity_v1,relative_flow_screened_collection_orbital_v1,0.0031,287,287,287,287,1.0,0.011540314513591646,0.020092528054510263,0.02282113548156053,11.707924253470805,16.92984243309621,17.887134549167474,2.40973804331486,10.283816119149067,13.482325648429883,0.0
reduced_electrostatic_reference,30,electric_field_aligned_image_sensitivity_v1,relative_flow_screened_collection_orbital_v1,0.0032,287,287,287,287,1.0,0.01270153844894289,0.021761762029651795,0.024497228760245446,11.915091020599336,16.607164755223277,17.662038984923917,2.813188841124287,11.586999732603438,14.861105319947816,0.0
reduced_electrostatic_reference,30,electric_field_aligned_image_sensitivity_v1,relative_flow_screened_collection_orbital_v1,0.0033,287,287,287,287,1.0,0.01378062132679334,0.02338315120103442,0.02613156521570633,12.241493100142618,16.224363304844,17.35114378727979,3.218440340534073,12.868140953787155,16.18445607926078,0.0
reduced_electrostatic_reference,30,electric_field_aligned_image_sensitivity_v1,relative_flow_screened_collection_orbital_v1,0.0034,287,287,287,287,1.0,0.014973262129180423,0.02492692503845056,0.027743762297131606,12.598808080347716,15.79486432772708,16.96751325763991,3.656898449225622,14.060021010676945,17.436973140983238,0.0
reduced_electrostatic_reference,30,electric_field_aligned_image_sensitivity_v1,relative_flow_screened_collection_orbital_v1,0.0035,287,287,287,287,1.0,0.016178104418761857,0.026452147360184586,0.029299426188345867,12.731379927367284,15.398349969219073,16.469376040933096,4.106217897307317,15.1625244971428,18.577736487673423,0.0
reduced_electrostatic_reference,30,electric_field_aligned_image_sensitivity_v1,relative_flow_screened_collection_orbital_v1,0.0036,287,287,287,287,1.0,0.017370024426556746,0.027925705332571295,0.03078898260458905,12.748252666325387,15.025816131027417,16.511612069227134,4.601764815522131,16.236697181258567,19.599003980709853,0.0
reduced_electrostatic_reference,30,electric_field_aligned_image_sensitivity_v1,relative_flow_screened_collection_orbital_v1,0.0037,287,287,287,287,1.0,0.018487842195233636,0.029351374852392358,0.03219696008720225,12.516089155808706,14.738141872667981,16.922966177174963,5.071240531685987,17.29996772368913,20.531296344924943,0.0
reduced_electrostatic_reference,30,electric_field_aligned_image_sensitivity_v1,relative_flow_screened_collection_orbital_v1,0.0038,287,287,287,287,1.0,0.019583564681435718,0.030665164329949385,0.033497382734478824,12.049165431097647,14.438239829701654,17.413311042781597,5.523214602922479,18.275353073903364,21.436873256521928,0.0
reduced_electrostatic_reference,30,electric_field_aligned_image_sensitivity_v1,relative_flow_screened_collection_orbital_v1,0.0039,287,287,287,287,1.0,0.02069067334248075,0.03187241045064823,0.03458499614086922,11.399718336521158,14.227907246863142,17.770491153608962,5.977530542925791,19.14107783344952,22.27976535862063,0.0
reduced_electrostatic_reference,30,electric_field_aligned_image_sensitivity_v1,relative_flow_screened_collection_orbital_v1,0.004,287,287,287,287,1.0,0.021773410825997316,0.03294004083284741,0.0353216539191286,10.634213364809296,13.372536840721004,17.647157890050888,6.356933023446402,19.89749056163083,23.041663705592704,0.0
reduced_electrostatic_reference,30,electric_field_aligned_image_sensitivity_v1,relative_flow_screened_collection_orbital_v1,0.0041,287,287,287,287,1.0,0.02283438532389114,0.033949444051532,0.036101904825007435,9.179293261517856,12.421653655272713,17.46168391360687,6.723952005484961,20.560282933883414,23.72838850682846,0.0
reduced_electrostatic_reference,30,electric_field_aligned_image_sensitivity_v1,relative_flow_screened_collection_orbital_v1,0.004200000000000001,287,287,287,287,1.0,0.02380867407546284,0.03449176465114668,0.036867272711778434,7.7632249352709275,11.991348778214077,15.98837374858765,7.0541207051306,21.195724172467184,24.293881590018504,0.0
reduced_electrostatic_reference,30,electric_field_aligned_image_sensitivity_v1,relative_flow_screened_collection_orbital_v1,0.0043,287,287,287,287,1.0,0.024713360564828063,0.034683597926563586,0.03734912179035291,6.845266855722395,11.123181013190072,15.498175657146358,7.325872575032179,21.74475328413014,24.968260188341993,0.0
reduced_electrostatic_reference,30,electric_field_aligned_image_sensitivity_v1,relative_flow_screened_collection_orbital_v1,0.0044,287,287,287,287,1.0,0.025432210716745986,0.034737969012611974,0.03748852642516296,6.15222448800474,10.70422730272583,15.108293726772498,7.595681495332229,22.22955473477198,25.50733813447611,0.0
reduced_electrostatic_reference,30,electric_field_aligned_image_sensitivity_v1,relative_flow_screened_collection_orbital_v1,0.0045000000000000005,287,287,287,287,1.0,0.026115964728798232,0.03471567656674036,0.03750512229521621,6.459088729027085,11.184552250983113,16.187585449399208,7.78861207136822,22.666979147810466,25.97909278259492,0.0
reduced_electrostatic_reference,30,electric_field_aligned_image_sensitivity_v1,relative_flow_screened_collection_orbital_v1,0.0046,287,287,287,287,1.0,0.026742484645807543,0.03434158644320519,0.03690306006792802,6.636348649748183,12.26675254578715,17.477432457870112,7.9453092107176815,23.094353575471843,26.37857854282003,0.0
reduced_electrostatic_reference,30,electric_field_aligned_image_sensitivity_v1,relative_flow_screened_collection_orbital_v1,0.0047,287,287,287,287,1.0,0.027120688956960265,0.03373848811683303,0.036488265201527016,7.530912178931864,13.026492534779084,18.767634756460147,8.041727905566091,23.461229683202625,26.725150219310386,0.0
reduced_electrostatic_reference,30,electric_field_aligned_image_sensitivity_v1,relative_flow_screened_collection_orbital_v1,0.0048000000000000004,287,287,287,287,1.0,0.02710149327589265,0.03301588695745941,0.03571633048255535,8.689702361978252,13.861727029684033,20.32571103831981,8.241024972151337,23.763602698844505,27.015452420034368,0.0
reduced_electrostatic_reference,30,electric_field_aligned_image_sensitivity_v1,relative_flow_screened_collection_orbital_v1,0.0049,287,287,287,287,1.0,0.02623007777938943,0.032176174096078765,0.034752985612746104,9.728380762384019,14.254813284275803,21.21195430450863,8.413794457859211,23.968060066076983,27.32625473615685,0.0
reduced_electrostatic_reference,30,electric_field_aligned_image_sensitivity_v1,relative_flow_screened_collection_orbital_v1,0.005,287,287,287,287,1.0,0.02526788829701581,0.03149497412970346,0.03377652053440027,9.922687585271479,14.969072986649905,22.254742851673875,8.617347629681518,24.12643841604853,27.642429796896934,0.0
reduced_electrostatic_reference,30,electric_field_aligned_image_sensitivity_v1,relative_flow_screened_collection_orbital_v1,0.006,287,287,287,287,1.0,0.02023483268158685,0.027137139754205414,0.033851706568202876,5.687214330021957,10.868026443395015,14.897479407059446,7.63758967428501,23.863309534468037,27.397011766563736,0.0
reduced_electrostatic_reference,30,electric_field_aligned_image_sensitivity_v1,relative_flow_screened_collection_orbital_v1,0.007,287,287,285,285,0.9930313588850174,0.018544382655597224,0.02561932223638735,0.030406732609499096,4.883479876903921,9.964334548032486,15.624867412971247,4.562981571990434,20.28950328280765,25.516184949562575,0.006968641114982578
reduced_electrostatic_reference,30,electric_field_aligned_image_sensitivity_v1,relative_flow_screened_collection_orbital_v1,0.008,287,287,282,282,0.9825783972125436,0.01748977354235609,0.02422071938770047,0.028860860510511347,6.8482562243417195,15.02370972251987,16.22882260406688,2.596220890664682,14.039499301956003,21.510907662455747,0.017421602787456445
reduced_electrostatic_reference,30,electric_field_aligned_image_sensitivity_v1,relative_flow_screened_collection_orbital_v1,0.009000000000000001,287,287,280,280,0.975609756097561,0.01738107639754447,0.026600750746405718,0.031430853944354666,3.3375967181679975,8.782095318155227,15.301654935195776,1.601183635479913,7.968904512780876,14.529600226875356,0.024390243902439025
reduced_electrostatic_reference,30,electric_field_aligned_image_sensitivity_v1,relative_flow_screened_collection_orbital_v1,0.01,287,287,275,275,0.9581881533101045,0.01733876827107927,0.02822753025885861,0.03186018059855277,3.2345142941070053,6.5021546197747195,10.580417856991758,0.7727055897642003,4.615860425462273,8.209918843789763,0.041811846689895474
reduced_electrostatic_reference,30,electric_field_aligned_image_sensitivity_v1,relative_flow_screened_collection_orbital_v1,0.011,287,287,268,268,0.9337979094076655,0.017507364257001307,0.03115298086782171,0.034107658666090515,3.2881192710570395,6.420835506714007,8.135728744756806,0.401243907969544,2.7861614058391524,4.778395023896294,0.06620209059233449
reduced_electrostatic_reference,30,electric_field_aligned_image_sensitivity_v1,relative_flow_screened_collection_orbital_v1,0.012,287,287,260,260,0.9059233449477352,0.017620317048702566,0.03237764204596097,0.036176641503673994,2.84850851900553,4.8805413598648935,6.782073954340289,0.3634274725323081,1.5644801829952484,2.877064813026146,0.09407665505226481
reduced_electrostatic_reference,30,electric_field_aligned_image_sensitivity_v1,relative_flow_screened_collection_orbital_v1,0.013000000000000001,287,287,235,235,0.818815331010453,0.017635489937477055,0.032889115968075845,0.036181416489377866,2.8403069642933727,4.6442648603117584,6.144329509325378,0.3393072850159058,0.9049473245141769,1.5724385335740578,0.18118466898954705
reduced_electrostatic_reference,30,electric_field_aligned_image_sensitivity_v1,relative_flow_screened_collection_orbital_v1,0.014,287,287,213,213,0.7421602787456446,0.017468538385654986,0.032190357461007214,0.03612090802626789,2.5822691875556605,4.277651911194308,5.112239308225474,0.30408012976852206,0.4661259126840889,1.011928550624527,0.2578397212543554
reduced_electrostatic_reference,30,electric_field_aligned_image_sensitivity_v1,relative_flow_screened_collection_orbital_v1,0.015000000000000001,287,285,201,201,0.7003484320557491,0.017962320164615356,0.033972589717717355,0.0383047508422089,2.5731002459960806,4.350383191766377,5.172411894465826,0.2498426750859437,0.42520347804347125,0.6832517150259889,0.2926829268292683
reduced_electrostatic_reference,30,electric_field_aligned_image_sensitivity_v1,relative_flow_screened_collection_orbital_v1,0.016,287,283,180,180,0.627177700348432,0.01763750471032676,0.031073369160056735,0.03677687292207167,2.3655099474972805,4.0630597597775555,4.758138705996876,0.21307877800451536,0.4082460790151458,0.8679595856524468,0.3588850174216028
reduced_electrostatic_reference,30,electric_field_aligned_image_sensitivity_v1,relative_flow_screened_collection_orbital_v1,0.017,287,279,167,167,0.5818815331010453,0.018732356390164465,0.030819059206172717,0.03572538640430427,2.3530586537100895,4.084235050226378,4.732392962793859,0.2387955442430041,0.4094359963062118,0.4989057825913707,0.3902439024390244
reduced_electrostatic_reference,30,electric_field_aligned_image_sensitivity_v1,relative_flow_screened_collection_orbital_v1,0.018000000000000002,287,278,158,158,0.5505226480836237,0.01876101129862153,0.030362491407874666,0.0370543320094536,2.6193041740455643,3.992429100514723,5.132590667248089,0.26134564389842296,0.411520313051139,0.4694340719070201,0.4181184668989547
reduced_electrostatic_reference,30,electric_field_aligned_image_sensitivity_v1,relative_flow_screened_collection_orbital_v1,0.019000000000000003,287,274,147,147,0.5121951219512195,0.020233332154388318,0.030542511687216934,0.035966272622958644,2.555896781255011,3.975838227999786,4.938527200749583,0.2536627312302926,0.4122034035045772,0.7095228469091184,0.4425087108013937
reduced_electrostatic_reference,30,electric_field_aligned_image_sensitivity_v1,relative_flow_screened_collection_orbital_v1,0.02,287,273,137,137,0.47735191637630664,0.020364834180655877,0.031865219734850465,0.03464542165547823,2.624274832565781,4.042420769079344,4.784515116949221,0.280994141015384,0.42311895433628594,0.46934620245547193,0.4738675958188153
reduced_electrostatic_reference,30,electric_field_aligned_image_sensitivity_v1,relative_flow_screened_collection_orbital_v1,0.020999999999999998,287,272,128,128,0.445993031358885,0.01988929197042808,0.03321531948297736,0.03607322092454348,3.041679701834762,4.1856482619151505,4.99112264861278,0.299249692555577,0.4275129845826967,0.47648062364936894,0.5017421602787456
reduced_electrostatic_reference,30,electric_field_aligned_image_sensitivity_v1,relative_flow_screened_collection_orbital_v1,0.022,287,269,120,120,0.4181184668989547,0.020974955383938208,0.03537591103242602,0.037552499167493134,3.066709620594046,3.958676938824936,5.390693983097229,0.2972439949053012,0.4467616995778514,0.9167301877236231,0.519163763066202
reduced_electrostatic_reference,30,electric_field_aligned_image_sensitivity_v1,relative_flow_screened_collection_orbital_v1,0.023,287,269,106,106,0.3693379790940767,0.020209748499815973,0.03477434733742869,0.03963294501885394,3.023743027999343,4.206247678644965,4.883743044318207,0.3059305002900601,0.4637579212401306,0.9498144742425613,0.5679442508710801
reduced_electrostatic_reference,30,electric_field_aligned_image_sensitivity_v1,relative_flow_screened_collection_orbital_v1,0.024,287,267,93,93,0.3240418118466899,0.020906924176167185,0.03424025244127602,0.03757206383261677,2.9936243844650154,4.15943982301918,4.65641559346743,0.3059490518725738,0.44617011261481704,0.48265573458408995,0.6062717770034843
reduced_electrostatic_reference,30,electric_field_aligned_image_sensitivity_v1,relative_flow_screened_collection_orbital_v1,0.025,287,264,83,83,0.289198606271777,0.02151174971848212,0.03401502182515058,0.039415005469568734,3.1354594830656692,4.056094522729202,4.869858230106534,0.31559832460939674,0.43843977211259927,0.7685812342649537,0.6306620209059234
reduced_electrostatic_reference,30,electric_field_aligned_image_sensitivity_v1,relative_flow_screened_collection_orbital_v1,0.026000000000000002,287,263,77,77,0.2682926829268293,0.022488582275700674,0.033601149944115886,0.03915500587285382,3.0779807605898166,4.108555768218024,5.010223842910305,0.3173213220109119,0.4434990478378041,0.8699554744571245,0.6480836236933798
reduced_electrostatic_reference,30,electric_field_aligned_image_sensitivity_v1,relative_flow_screened_collection_orbital_v1,0.027000000000000003,287,261,69,69,0.24041811846689895,0.023093468803872814,0.032632306026892224,0.03641299129384292,3.2038960388158446,4.1013309491504355,4.662785048594929,0.3160389580457661,0.45722528804230367,0.4919814336504984,0.6689895470383276
reduced_electrostatic_reference,30,electric_field_aligned_image_sensitivity_v1,relative_flow_screened_collection_orbital_v1,0.027999999999999997,287,258,64,64,0.2229965156794425,0.0246415330210394,0.03418010008271314,0.03920242483803834,3.107548715120067,3.7928954396967582,4.247377678385213,0.32234644005323787,0.4591275187580522,0.9283658336257186,0.6759581881533101
reduced_electrostatic_reference,30,electric_field_aligned_image_sensitivity_v1,relative_flow_screened_collection_orbital_v1,0.028999999999999998,287,256,57,57,0.1986062717770035,0.024851383401760314,0.034159726128558957,0.038117375483061613,3.1515156270657694,4.160876158620547,4.684743284475733,0.3277830095115064,0.46009912034866146,0.8240821900149727,0.6933797909407665
reduced_electrostatic_reference,30,electric_field_aligned_image_sensitivity_v1,relative_flow_screened_collection_orbital_v1,0.03,287,254,51,51,0.17770034843205576,0.02380300948067788,0.035034096957833764,0.03705578802421929,3.2276702327230624,4.0573240689378824,4.75403652245341,0.33890902337739703,0.43638402412474875,0.629129770709568,0.7073170731707317
reduced_electrostatic_reference,100,electric_field_aligned_image_sensitivity_v1,relative_flow_screened_collection_orbital_v1,0.0,287,287,287,287,1.0,0.0,0.0,0.0,0.0,0.0,0.0,0.0,0.0,0.0,0.0
reduced_electrostatic_reference,100,electric_field_aligned_image_sensitivity_v1,relative_flow_screened_collection_orbital_v1,1e-05,287,287,287,287,1.0,3.2228643120408177e-09,6.902599782583052e-09,6.94923161799683e-09,0.000909899346527826,0.001990674704784389,0.002004430721229797,1.3721530933707982e-05,3.978448552004466e-05,4.346557675603435e-05,0.0
reduced_electrostatic_reference,100,electric_field_aligned_image_sensitivity_v1,relative_flow_screened_collection_orbital_v1,2e-05,287,287,287,287,1.0,2.3196168241106693e-08,4.936650180540221e-08,4.967097426865591e-08,0.0033211175516710124,0.00691444806214656,0.006955211500413583,0.00015217454944860265,0.0004398070493863317,0.0004936477661954085,0.0
reduced_electrostatic_reference,100,electric_field_aligned_image_sensitivity_v1,relative_flow_screened_collection_orbital_v1,3.0000000000000004e-05,287,287,287,287,1.0,7.411545838512683e-08,1.521734992809814e-07,1.530580635582849e-07,0.007074818125376279,0.013939923625956908,0.014033764510587257,0.0006342294444010577,0.0017408926211714974,0.0019820076092565836,0.0
reduced_electrostatic_reference,100,electric_field_aligned_image_sensitivity_v1,relative_flow_screened_collection_orbital_v1,4e-05,287,287,287,287,1.0,1.687091747257537e-07,3.336506439149086e-07,3.3575563731801464e-07,0.012034586877653217,0.02260153850314239,0.022777639185667255,0.0017060953758019082,0.0046201356830664515,0.005153755565408174,0.0
reduced_electrostatic_reference,100,electric_field_aligned_image_sensitivity_v1,relative_flow_screened_collection_orbital_v1,5e-05,287,287,287,287,1.0,3.1841279062931495e-07,6.084952524780867e-07,6.126366165917464e-07,0.0180768832187031,0.03257179215067052,0.032855595144554724,0.003615987269256493,0.00960881162806402,0.010726247996661298,0.0
reduced_electrostatic_reference,100,electric_field_aligned_image_sensitivity_v1,relative_flow_screened_collection_orbital_v1,6.000000000000001e-05,287,287,287,287,1.0,5.33460184411268e-07,9.8876783425856e-07,9.957976702993822e-07,0.025083812092546797,0.04362177366916004,0.044110735686155866,0.006497321573334602,0.01743806987993537,0.01924698872581757,0.0
reduced_electrostatic_reference,100,electric_field_aligned_image_sensitivity_v1,relative_flow_screened_collection_orbital_v1,7.000000000000001e-05,287,287,287,287,1.0,8.229083099405967e-07,1.4836588902228887e-06,1.498834917276635e-06,0.03293699618880774,0.05556438441227353,0.05630567843367042,0.010307162517122492,0.02845934195041196,0.030901391806713144,0.0
reduced_electrostatic_reference,100,electric_field_aligned_image_sensitivity_v1,relative_flow_screened_collection_orbital_v1,8e-05,287,287,287,287,1.0,1.1946064505554887e-06,2.100652206073787e-06,2.1255698661861645e-06,0.041512441737997556,0.06815700619424511,0.06927549396068353,0.015721298708371023,0.04283581002164852,0.046745583686113146,0.0
reduced_electrostatic_reference,100,electric_field_aligned_image_sensitivity_v1,relative_flow_screened_collection_orbital_v1,9e-05,287,287,287,287,1.0,1.6551147039179081e-06,2.848924468248425e-06,2.885066701223018e-06,0.05067553331546836,0.08130725435399762,0.08341578864135057,0.022043545037796264,0.06132711651835621,0.06683345974176802,0.0
reduced_electrostatic_reference,100,electric_field_aligned_image_sensitivity_v1,relative_flow_screened_collection_orbital_v1,0.0001,287,287,287,287,1.0,2.2095726952091483e-06,3.7279104622601606e-06,3.794435648898511e-06,0.06027598636064926,0.09498741521299293,0.09762184587804526,0.02914152576610718,0.08366725951997012,0.09094273338654545,0.0
reduced_electrostatic_reference,100,electric_field_aligned_image_sensitivity_v1,relative_flow_screened_collection_orbital_v1,0.00011,287,287,287,287,1.0,2.86151642521468e-06,4.747235368288795e-06,4.8654964366781435e-06,0.07014253538148064,0.10935244887384304,0.12453586299787357,0.04062169239625746,0.10934855134980809,0.11851441448536036,0.0
reduced_electrostatic_reference,100,electric_field_aligned_image_sensitivity_v1,relative_flow_screened_collection_orbital_v1,0.00012000000000000002,287,287,287,287,1.0,3.6126398042098053e-06,5.92139921869494e-06,6.181422454219957e-06,0.07777055204838114,0.12428422302181427,0.1564127725269333,0.05079712227836808,0.14089714154729904,0.15270880636410084,0.0
reduced_electrostatic_reference,100,electric_field_aligned_image_sensitivity_v1,relative_flow_screened_collection_orbital_v1,0.00013000000000000002,287,287,287,287,1.0,4.462502161467458e-06,7.237015302117126e-06,7.654836131230073e-06,0.08612819474569279,0.13906168215472062,0.17018912780081702,0.06370057953184016,0.17572922568040214,0.19400435956081366,0.0
reduced_electrostatic_reference,100,electric_field_aligned_image_sensitivity_v1,relative_flow_screened_collection_orbital_v1,0.00014000000000000001,287,287,287,287,1.0,5.408192105691639e-06,8.697976770423808e-06,9.325628380977841e-06,0.09557021447496725,0.15368590285539513,0.18370093108449018,0.07734314831111533,0.21213431352321097,0.23788415148641887,0.0
reduced_electrostatic_reference,100,electric_field_aligned_image_sensitivity_v1,relative_flow_screened_collection_orbital_v1,0.00015000000000000001,287,287,287,287,1.0,6.4439652006964115e-06,1.0325356971601244e-05,1.1151874797221768e-05,0.10441024579429614,0.16866505723856795,0.1963955057314278,0.09087401899347469,0.25853490596422835,0.28227766261595544,0.0
reduced_electrostatic_reference,100,electric_field_aligned_image_sensitivity_v1,relative_flow_screened_collection_orbital_v1,0.00016,287,287,287,287,1.0,7.5608895579425774e-06,1.2082466611972822e-05,1.3133076331601712e-05,0.11418360832309404,0.18365239823849677,0.20818930407241543,0.10714902354929734,0.3077065103727705,0.33229257215783714,0.0
reduced_electrostatic_reference,100,electric_field_aligned_image_sensitivity_v1,relative_flow_screened_collection_orbital_v1,0.00017,287,287,287,287,1.0,8.746567657369868e-06,1.4010592535763366e-05,1.5267954439146245e-05,0.12254298913674885,0.1986366880239772,0.22150215438958124,0.12523217945531684,0.35751956168997484,0.38436809178291065,0.0
reduced_electrostatic_reference,100,electric_field_aligned_image_sensitivity_v1,relative_flow_screened_collection_orbital_v1,0.00018,287,287,287,287,1.0,9.941581032685309e-06,1.6051060223612727e-05,1.7837199225618074e-05,0.13123790503994992,0.2154524358726126,0.24507519560621252,0.15099254887257274,0.4057320463183999,0.4370243223468577,0.0
reduced_electrostatic_reference,100,electric_field_aligned_image_sensitivity_v1,relative_flow_screened_collection_orbital_v1,0.00019,287,287,287,287,1.0,1.1237883277685076e-05,1.8256388785274102e-05,2.051146507931809e-05,0.13790619734351317,0.22973679010169462,0.2569766071218854,0.1753577615118047,0.4537948745483334,0.4826239097017344,0.0
reduced_electrostatic_reference,100,electric_field_aligned_image_sensitivity_v1,relative_flow_screened_collection_orbital_v1,0.0002,287,287,287,287,1.0,1.2639048406305366e-05,2.066217997049e-05,2.3052104293948022e-05,0.14520207799826956,0.24581206165202613,0.3004523224745077,0.1943104046194435,0.5016264021305347,0.5409686242687849,0.0
reduced_electrostatic_reference,100,electric_field_aligned_image_sensitivity_v1,relative_flow_screened_collection_orbital_v1,0.00021,287,287,287,287,1.0,1.4135610581237501e-05,2.3110183319578824e-05,2.569710426843116e-05,0.15726735466406386,0.2602673158787669,0.32679501393863875,0.21981499622762612,0.5544415471575007,0.6045690884219243,0.0
reduced_electrostatic_reference,100,electric_field_aligned_image_sensitivity_v1,relative_flow_screened_collection_orbital_v1,0.00022,287,287,287,287,1.0,1.5715875521433795e-05,2.5776193322562228e-05,2.8436914626658895e-05,0.16508260736932007,0.2763365449247223,0.36014836448499393,0.23838974845915573,0.6070316442995534,0.6682397159934703,0.0
reduced_electrostatic_reference,100,electric_field_aligned_image_sensitivity_v1,relative_flow_screened_collection_orbital_v1,0.00023,287,287,287,287,1.0,1.7366067719060322e-05,2.858329683562852e-05,3.130759220771243e-05,0.1735099200751168,0.2943185583791351,0.3817534028855203,0.2563273294033479,0.6516211737994582,0.7148428708074374,0.0
reduced_electrostatic_reference,100,electric_field_aligned_image_sensitivity_v1,relative_flow_screened_collection_orbital_v1,0.00024000000000000003,287,287,287,287,1.0,1.9070584623068467e-05,3.158241818055178e-05,3.4391739935207794e-05,0.1798459608407133,0.3111388080449604,0.4005500644717172,0.26505753881366445,0.6855885596277403,0.7668037251924005,0.0
reduced_electrostatic_reference,100,electric_field_aligned_image_sensitivity_v1,relative_flow_screened_collection_orbital_v1,0.00025,287,287,287,287,1.0,2.082426168647939e-05,3.4672673330543797e-05,3.8177035578559024e-05,0.1859014503735887,0.32558778338631983,0.41740344432687115,0.27119658526959256,0.7117394418039852,0.8157006034623293,0.0
reduced_electrostatic_reference,100,electric_field_aligned_image_sensitivity_v1,relative_flow_screened_collection_orbital_v1,0.00026000000000000003,287,287,287,287,1.0,2.2794922920684327e-05,3.7865796059456144e-05,4.24927119328993e-05,0.1940547022124753,0.3395675709593482,0.4339008091562965,0.28515284096982896,0.7449761976332695,0.8557213576733306,0.0
reduced_electrostatic_reference,100,electric_field_aligned_image_sensitivity_v1,relative_flow_screened_collection_orbital_v1,0.00027,287,287,287,287,1.0,2.4861572215663786e-05,4.124605320409471e-05,4.697520409589669e-05,0.2012157125725034,0.3519593947894026,0.4499941840383684,0.2995586937873327,0.7581380048864049,0.9038314028247793,0.0
reduced_electrostatic_reference,100,electric_field_aligned_image_sensitivity_v1,relative_flow_screened_collection_orbital_v1,0.00028000000000000003,287,287,287,287,1.0,2.699374896757409e-05,4.4631762042209086e-05,5.162194222042973e-05,0.21163792451209645,0.36352302440228057,0.46642460810088754,0.3053878460660826,0.7930489945598599,0.9441055818569838,0.0
reduced_electrostatic_reference,100,electric_field_aligned_image_sensitivity_v1,relative_flow_screened_collection_orbital_v1,0.00029,287,287,287,287,1.0,2.917893151274324e-05,4.799070202011565e-05,5.6193541049106744e-05,0.22536974819327435,0.37643663300265473,0.48253027647362484,0.3135083323957133,0.8263935277969386,1.0061948715097786,0.0
reduced_electrostatic_reference,100,electric_field_aligned_image_sensitivity_v1,relative_flow_screened_collection_orbital_v1,0.00030000000000000003,287,287,287,287,1.0,3.1403997916352583e-05,5.1655116558711683e-05,5.9860652340360684e-05,0.2351696669434973,0.39222377307799505,0.4982773533943869,0.34165964140396454,0.8325515382715823,1.0388173058304817,0.0
reduced_electrostatic_reference,100,electric_field_aligned_image_sensitivity_v1,relative_flow_screened_collection_orbital_v1,0.00031,287,287,287,287,1.0,3.365452411902472e-05,5.542416053047241e-05,6.481535696091365e-05,0.24714479692686475,0.40765278179942843,0.5136330152621117,0.35417805376476963,0.8291452669608022,1.0708616738931214,0.0
reduced_electrostatic_reference,100,electric_field_aligned_image_sensitivity_v1,relative_flow_screened_collection_orbital_v1,0.00032,287,287,287,287,1.0,3.6104026860732075e-05,5.936927212563905e-05,7.00427036542536e-05,0.2589526943835374,0.4214898195181661,0.5296002748049228,0.35943733854895754,0.8182363862656532,1.1263902134754504,0.0
reduced_electrostatic_reference,100,electric_field_aligned_image_sensitivity_v1,relative_flow_screened_collection_orbital_v1,0.00033000000000000005,287,287,287,287,1.0,3.884530849277894e-05,6.382805319572738e-05,7.541710765546398e-05,0.27191622405690447,0.4358725612043048,0.5446674821546614,0.3609606040049016,0.8040838213422719,1.178922345071968,0.0
reduced_electrostatic_reference,100,electric_field_aligned_image_sensitivity_v1,relative_flow_screened_collection_orbital_v1,0.00034,287,287,287,287,1.0,4.187894294369129e-05,6.85481769092821e-05,8.090140831868345e-05,0.28645835474098746,0.450620684857402,0.5586645949391178,0.367283974553402,0.7962830671312425,1.212442834992179,0.0
reduced_electrostatic_reference,100,electric_field_aligned_image_sensitivity_v1,relative_flow_screened_collection_orbital_v1,0.00035000000000000005,287,287,287,287,1.0,4.5389555887142004e-05,7.335003784812906e-05,8.65026984558889e-05,0.2998773580454658,0.4666466973668333,0.5721532528886302,0.36712470295651656,0.8252957499777642,1.229702032513946,0.0
reduced_electrostatic_reference,100,electric_field_aligned_image_sensitivity_v1,relative_flow_screened_collection_orbital_v1,0.00036,287,287,287,287,1.0,4.853668945344637e-05,7.810985323112824e-05,9.222921813075849e-05,0.3130416389648347,0.47990180166683366,0.5851701678251844,0.36521132770985787,0.8301249414884186,1.3222525046168783,0.0
reduced_electrostatic_reference,100,electric_field_aligned_image_sensitivity_v1,relative_flow_screened_collection_orbital_v1,0.00037000000000000005,287,287,287,287,1.0,5.1731731940598154e-05,8.299347939648888e-05,9.80750301785184e-05,0.32686063046531016,0.4898302740622947,0.5976577083468587,0.361909690587936,0.8034323704252988,1.3415096070362402,0.0
reduced_electrostatic_reference,100,electric_field_aligned_image_sensitivity_v1,relative_flow_screened_collection_orbital_v1,0.00038,287,287,287,287,1.0,5.505391075106116e-05,8.764254310461168e-05,0.00010403395058874513,0.3384620893430976,0.49904321250230443,0.6095052374699778,0.3601291640096633,0.7947118797018107,1.3373425160844121,0.0
reduced_electrostatic_reference,100,electric_field_aligned_image_sensitivity_v1,relative_flow_screened_collection_orbital_v1,0.00039000000000000005,287,287,287,287,1.0,5.849913236340306e-05,9.272136853260845e-05,0.00011009952054320735,0.35300567315254966,0.5075159376644414,0.6207091009406216,0.35855030135422794,0.7784447097322311,1.359000015236322,0.0
reduced_electrostatic_reference,100,electric_field_aligned_image_sensitivity_v1,relative_flow_screened_collection_orbital_v1,0.0004,287,287,287,287,1.0,6.206107967744089e-05,9.794287114533637e-05,0.00011601977354773059,0.37311510922014945,0.521219126908184,0.6312717861383209,0.3586743123575502,0.7768210139079773,1.427362223409975,0.0
reduced_electrostatic_reference,100,electric_field_aligned_image_sensitivity_v1,relative_flow_screened_collection_orbital_v1,0.00041000000000000005,287,287,287,287,1.0,6.576036602292949e-05,0.0001031111313857805,0.00012188034320232324,0.38820507574261875,0.5376442624932918,0.6411673552224729,0.35412010460441934,0.7498599895031705,1.4956530051120465,0.0
reduced_electrostatic_reference,100,electric_field_aligned_image_sensitivity_v1,relative_flow_screened_collection_orbital_v1,0.00042,287,287,287,287,1.0,6.960814712296904e-05,0.00010813246706026845,0.00012778690151435572,0.4037133459603061,0.550525504419688,0.6504748732299052,0.35033430688849876,0.742679757542136,1.537603494841287,0.0
reduced_electrostatic_reference,100,electric_field_aligned_image_sensitivity_v1,relative_flow_screened_collection_orbital_v1,0.00043000000000000004,287,287,287,287,1.0,7.360243728132089e-05,0.00011357955111672846,0.00013416937464200276,0.41942219438217787,0.5619048924648603,0.6636368676197384,0.3477877895765005,0.7374842481902419,1.5610182671796575,0.0
reduced_electrostatic_reference,100,electric_field_aligned_image_sensitivity_v1,relative_flow_screened_collection_orbital_v1,0.00044,287,287,287,287,1.0,7.776394397885059e-05,0.00011894342432947362,0.0001407861541655471,0.4337193779423011,0.5737865126130827,0.6756616170283913,0.34435643085259926,0.757043086333471,1.6351215364153766,0.0
reduced_electrostatic_reference,100,electric_field_aligned_image_sensitivity_v1,relative_flow_screened_collection_orbital_v1,0.00045000000000000004,287,287,287,287,1.0,8.217373618325693e-05,0.0001242634089714773,0.0001475888528078284,0.4561472854496109,0.5875281514245562,0.6821701559698266,0.33763460661498357,0.7912616506259051,1.7247385309088714,0.0
reduced_electrostatic_reference,100,electric_field_aligned_image_sensitivity_v1,relative_flow_screened_collection_orbital_v1,0.00046,287,285,285,285,0.9930313588850174,8.93949851209117e-05,0.00013019535149059493,0.00015451896990013926,0.4738814302594225,0.5998868006443003,0.6871034700556654,0.334772397468555,0.7733614830207471,1.7899463011684427,0.0
reduced_electrostatic_reference,100,electric_field_aligned_image_sensitivity_v1,relative_flow_screened_collection_orbital_v1,0.00047000000000000004,287,277,277,277,0.9651567944250871,9.527522702730841e-05,0.00013656645692292953,0.00016159922785683706,0.4983347140311729,0.614213693225945,0.6919118091340554,0.33052740482094123,0.7530743796543675,1.7993544111421185,0.0
reduced_electrostatic_reference,100,electric_field_aligned_image_sensitivity_v1,relative_flow_screened_collection_orbital_v1,0.00048000000000000007,287,276,276,276,0.9616724738675958,0.00010041786008139963,0.0001424086077716213,0.0001686087099739911,0.5167040225442949,0.6281686540630749,0.7021317059820297,0.32528889869848854,0.7321516068734581,1.8446341207626489,0.0
reduced_electrostatic_reference,100,electric_field_aligned_image_sensitivity_v1,relative_flow_screened_collection_orbital_v1,0.0004900000000000001,287,275,275,275,0.9581881533101045,0.00010564883679764797,0.00014878023898553264,0.0001756561808537815,0.5321562256187433,0.6371539384920745,0.7102831513589275,0.3219449091120623,0.7034918589004974,1.8725214476831271,0.0
reduced_electrostatic_reference,100,electric_field_aligned_image_sensitivity_v1,relative_flow_screened_collection_orbital_v1,0.0005,287,275,275,275,0.9581881533101045,0.00011108582768538683,0.00015519691600291926,0.00018272114594768647,0.5507953630606733,0.6534649879332148,0.7164860292100782,0.3172200556558096,0.6940213245877317,1.9423831762057011,0.0
reduced_electrostatic_reference,100,electric_field_aligned_image_sensitivity_v1,relative_flow_screened_collection_orbital_v1,0.0006,287,260,260,260,0.9059233449477352,0.0001802418906276338,0.0002269838895228511,0.00025262734155076765,0.7179347914479071,0.8214574045909334,0.8671399480702318,0.2651619495215414,0.5213080384719828,2.285296148585287,0.0
reduced_electrostatic_reference,100,electric_field_aligned_image_sensitivity_v1,relative_flow_screened_collection_orbital_v1,0.0007,287,247,247,247,0.8606271777003485,0.0002707156966091584,0.00031516796724574627,0.00033151225252416164,0.9277787039886471,1.0149265213306398,1.0550080677723417,0.22070917821827152,0.430119306520362,1.9632518564188253,0.0
reduced_electrostatic_reference,100,electric_field_aligned_image_sensitivity_v1,relative_flow_screened_collection_orbital_v1,0.0007999999999999999,287,236,236,236,0.8222996515679443,0.00038278099043278797,0.0004226553544444088,0.0004443804085592289,1.113798022479398,1.2118020766500974,1.2505457860242415,0.17805179247190495,0.3246317776301453,1.5739075350564566,0.0
reduced_electrostatic_reference,100,electric_field_aligned_image_sensitivity_v1,relative_flow_screened_collection_orbital_v1,0.0009,287,234,234,234,0.8153310104529616,0.0005101826705568982,0.0005484604099665675,0.0005733686319450857,1.3015149267604165,1.4131273290085096,1.4611794058234193,0.13572718926673133,0.2522010980695202,1.0415302165824074,0.0
reduced_electrostatic_reference,100,electric_field_aligned_image_sensitivity_v1,relative_flow_screened_collection_orbital_v1,0.001,287,232,232,232,0.8083623693379791,0.0006534077767885694,0.0006971724113744485,0.0007295244457186829,1.487519730782638,1.6109019968196265,1.660242961263005,0.07641631640279911,0.18183822560125693,0.7433548575929436,0.0
reduced_electrostatic_reference,100,electric_field_aligned_image_sensitivity_v1,relative_flow_screened_collection_orbital_v1,0.0010999999999999998,287,232,232,232,0.8083623693379791,0.0008082134618603593,0.000867641580036226,0.0009052604445953234,1.6640099299845228,1.8020404937310286,1.8529778620620936,0.07920712331997493,0.20137433254701595,0.5520522934735622,0.0
reduced_electrostatic_reference,100,electric_field_aligned_image_sensitivity_v1,relative_flow_screened_collection_orbital_v1,0.0012000000000000001,287,231,231,231,0.8048780487804879,0.0009761755467616807,0.0010576739012306666,0.0011000131823614464,1.8116922553505013,1.9895913456587728,2.0393413105194247,0.18514466837905275,0.4243732328263832,0.48821846288143433,0.0
reduced_electrostatic_reference,100,electric_field_aligned_image_sensitivity_v1,relative_flow_screened_collection_orbital_v1,0.0013,287,231,231,231,0.8048780487804879,0.0011622016374891722,0.0012661226679241805,0.001312598478192978,1.956068606721711,2.1738430919404967,2.222317222624574,0.37942141797543627,0.7643328345445752,0.9621650166895845,0.0
reduced_electrostatic_reference,100,electric_field_aligned_image_sensitivity_v1,relative_flow_screened_collection_orbital_v1,0.0014,287,231,231,231,0.8048780487804879,0.001363721381217544,0.001491404884750771,0.0015415498732144531,2.1099135525066695,2.353352105883696,2.406833110705823,0.7025526507302402,1.294705906857189,1.605754151210317,0.0
reduced_electrostatic_reference,100,electric_field_aligned_image_sensitivity_v1,relative_flow_screened_collection_orbital_v1,0.0015,287,231,231,231,0.8048780487804879,0.0015838174779420056,0.001734615809708985,0.0017852238999855282,2.2368238645162997,2.523070703533598,2.582757134195052,1.0724828418073002,2.0499458126332684,2.4964374290139517,0.0
reduced_electrostatic_reference,100,electric_field_aligned_image_sensitivity_v1,relative_flow_screened_collection_orbital_v1,0.0015999999999999999,287,231,231,231,0.8048780487804879,0.001814198281383009,0.0019939830561861572,0.002044442680991911,2.3269877973408453,2.694411958478332,2.74912805556677,1.605966782729638,2.878923254557094,3.673487101149533,0.0
reduced_electrostatic_reference,100,electric_field_aligned_image_sensitivity_v1,relative_flow_screened_collection_orbital_v1,0.0017000000000000001,287,231,231,231,0.8048780487804879,0.00206072799020577,0.0022666330755622046,0.0023256381775824415,2.3870222652453426,2.8598361138649184,2.904416121155884,2.335081936235497,3.9591679694727873,4.906222406234245,0.0
reduced_electrostatic_reference,100,electric_field_aligned_image_sensitivity_v1,relative_flow_screened_collection_orbital_v1,0.0018,287,231,231,231,0.8048780487804879,0.002307112480135755,0.002554588569097308,0.002622400373525074,2.397353340435432,3.015430441219257,3.0640385638185856,3.021943840723793,5.175753736420916,6.301950638482492,0.0
reduced_electrostatic_reference,100,electric_field_aligned_image_sensitivity_v1,relative_flow_screened_collection_orbital_v1,0.0019000000000000002,287,231,231,231,0.8048780487804879,0.002570577244175624,0.0028622405974025483,0.0029334942169908533,2.386019599601536,3.1673556326286385,3.2196133476741404,3.787471383324487,6.325775002404043,7.639339065406533,0.0
reduced_electrostatic_reference,100,electric_field_aligned_image_sensitivity_v1,relative_flow_screened_collection_orbital_v1,0.002,287,231,231,231,0.8048780487804879,0.002826314767683871,0.0031873107031882533,0.003258435119399474,2.349650294914554,3.3148476105070452,3.3808861844233102,4.575412398734443,7.2475492920933675,9.121691567873853,0.0
reduced_electrostatic_reference,100,electric_field_aligned_image_sensitivity_v1,relative_flow_screened_collection_orbital_v1,0.0021,287,231,231,231,0.8048780487804879,0.0030565627365950095,0.0035180703575183286,0.003595703534370437,2.2956438516451976,3.4534652837480406,3.5385500477835503,5.3642828632249575,8.243793947547317,10.395199306973534,0.0
reduced_electrostatic_reference,100,electric_field_aligned_image_sensitivity_v1,relative_flow_screened_collection_orbital_v1,0.0022,287,231,231,231,0.8048780487804879,0.003268393842767779,0.003861193756419124,0.003945952666531878,2.2274901341295816,3.605586769917453,3.685687810249914,6.155754639547013,8.98987881914013,11.153468002267957,0.0
reduced_electrostatic_reference,100,electric_field_aligned_image_sensitivity_v1,relative_flow_screened_collection_orbital_v1,0.0023,287,231,231,231,0.8048780487804879,0.0034830536397753463,0.004222569398763343,0.004313486431525261,2.169712988576133,3.746731205524953,3.8255624422298715,6.61944116616985,9.632895605379588,11.48722784678287,0.0
reduced_electrostatic_reference,100,electric_field_aligned_image_sensitivity_v1,relative_flow_screened_collection_orbital_v1,0.0024000000000000002,287,231,231,231,0.8048780487804879,0.003687583578295246,0.0046067850437030225,0.0046915891854232075,2.0734641994091674,3.8787105671448483,3.962393522982089,6.94411047031474,10.451639899654083,11.909156505984077,0.0
reduced_electrostatic_reference,100,electric_field_aligned_image_sensitivity_v1,relative_flow_screened_collection_orbital_v1,0.0025,287,231,231,231,0.8048780487804879,0.003880731190779066,0.004992952718188217,0.005081203324467787,2.0096074319822885,4.007763876666653,4.093778115001305,7.508444490181262,11.047796748950702,12.488733037529016,0.0
reduced_electrostatic_reference,100,electric_field_aligned_image_sensitivity_v1,relative_flow_screened_collection_orbital_v1,0.0026,287,231,231,231,0.8048780487804879,0.004061420061697508,0.005400785598332368,0.005488682980727804,2.350658445495308,4.127918006695577,4.223744366972686,7.868041773674463,11.256398469386909,13.557030090138921,0.0
reduced_electrostatic_reference,100,electric_field_aligned_image_sensitivity_v1,relative_flow_screened_collection_orbital_v1,0.0027,287,231,231,231,0.8048780487804879,0.00422906744757749,0.005809202382702034,0.005909514747419226,2.5854462973692836,4.243593045361981,4.349786962128862,7.840247390850948,11.927475819831216,14.395051019270662,0.0
reduced_electrostatic_reference,100,electric_field_aligned_image_sensitivity_v1,relative_flow_screened_collection_orbital_v1,0.0028,287,231,231,231,0.8048780487804879,0.004383496862781465,0.006230631886226455,0.006344026582205174,2.7282329661769174,4.353056564023086,4.46913887518171,7.803596973355354,12.679871797126566,15.141244392443005,0.0
reduced_electrostatic_reference,100,electric_field_aligned_image_sensitivity_v1,relative_flow_screened_collection_orbital_v1,0.0029,287,231,231,231,0.8048780487804879,0.0045250166375394515,0.006661058744112056,0.006794714063670802,2.9271965969730416,4.443236720379384,4.5850633733301915,7.465846602587305,13.67773356339626,16.093852426026547,0.0
reduced_electrostatic_reference,100,electric_field_aligned_image_sensitivity_v1,relative_flow_screened_collection_orbital_v1,0.003,287,231,231,231,0.8048780487804879,0.004654376255284976,0.007111128429420665,0.00725759834480737,3.331773909056543,4.600996362319728,4.784994183041309,6.951100188586338,14.318165091728474,17.449034302316246,0.0
reduced_electrostatic_reference,100,electric_field_aligned_image_sensitivity_v1,relative_flow_screened_collection_orbital_v1,0.0031,287,231,231,231,0.8048780487804879,0.0047879557038977205,0.007567156774521831,0.007730803812034648,3.52575084250804,4.739516822578303,5.378341080231587,6.711719685566322,15.051760150616474,18.48835153303178,0.0
reduced_electrostatic_reference,100,electric_field_aligned_image_sensitivity_v1,relative_flow_screened_collection_orbital_v1,0.0032,287,231,231,231,0.8048780487804879,0.004892555880758712,0.008037981857871102,0.008213111305935272,3.7042520861237866,4.836571373779036,5.964803914119193,6.1678164621047245,15.908840940786718,19.39336835157772,0.0
reduced_electrostatic_reference,100,electric_field_aligned_image_sensitivity_v1,relative_flow_screened_collection_orbital_v1,0.0033,287,231,231,231,0.8048780487804879,0.004987172376576596,0.008515635772296576,0.008703209281763916,3.7148995862776797,5.030119595197236,6.542524977466985,6.021852229285514,16.592698943186747,20.081515968522552,0.0
reduced_electrostatic_reference,100,electric_field_aligned_image_sensitivity_v1,relative_flow_screened_collection_orbital_v1,0.0034,287,231,231,231,0.8048780487804879,0.005073106020960335,0.009001383612906599,0.009199752971696017,3.730611926754017,5.5801207014215874,7.109729519877965,5.840688603944102,17.040110287135462,20.795949743362286,0.0
reduced_electrostatic_reference,100,electric_field_aligned_image_sensitivity_v1,relative_flow_screened_collection_orbital_v1,0.0035,287,231,231,231,0.8048780487804879,0.005156312904628961,0.009493499254218555,0.009702308170556206,3.960784326585296,6.054895311083302,7.664838791528702,6.2265137321874136,17.896974482575274,21.53570373886298,0.0
reduced_electrostatic_reference,100,electric_field_aligned_image_sensitivity_v1,relative_flow_screened_collection_orbital_v1,0.0036,287,231,231,231,0.8048780487804879,0.005237515187730603,0.00998901621779635,0.01021424924130901,4.153046805543314,6.569444345090389,8.20571760893263,6.483637938056916,18.40337134143556,22.330069992370053,0.0
reduced_electrostatic_reference,100,electric_field_aligned_image_sensitivity_v1,relative_flow_screened_collection_orbital_v1,0.0037,287,231,231,231,0.8048780487804879,0.0053821059805055456,0.010481133361752347,0.010736944082554914,4.259008952684475,7.005306416114132,8.730895406836035,7.062755478856388,18.90026119479205,23.10767104964244,0.0
reduced_electrostatic_reference,100,electric_field_aligned_image_sensitivity_v1,relative_flow_screened_collection_orbital_v1,0.0038,287,231,231,231,0.8048780487804879,0.006028471316543779,0.01095876190911266,0.011257852985039138,4.373977692686382,7.480849016998725,9.238450224509123,7.418766380657075,19.343084552469918,23.66555525517998,0.0
reduced_electrostatic_reference,100,electric_field_aligned_image_sensitivity_v1,relative_flow_screened_collection_orbital_v1,0.0039,287,231,231,231,0.8048780487804879,0.0065162453469508295,0.011387768453901097,0.011747728702812302,4.405599103720163,7.942492166039451,9.722639913139256,7.866323268616156,19.738861719185024,24.181839036496747,0.0
reduced_electrostatic_reference,100,electric_field_aligned_image_sensitivity_v1,relative_flow_screened_collection_orbital_v1,0.004,287,231,231,231,0.8048780487804879,0.0071607217547353195,0.011839088685839534,0.012214047210051199,4.552012532173344,8.388980146946615,10.189601384913084,8.599725790752359,21.35077884600628,24.684967059532944,0.0
reduced_electrostatic_reference,100,electric_field_aligned_image_sensitivity_v1,relative_flow_screened_collection_orbital_v1,0.0041,287,231,231,231,0.8048780487804879,0.007675263183267505,0.01219906622608928,0.012680825989122275,4.717823717855988,8.819624484731335,10.630385217510545,9.34235422344409,22.421413413553523,26.542518104653766,0.0
reduced_electrostatic_reference,100,electric_field_aligned_image_sensitivity_v1,relative_flow_screened_collection_orbital_v1,0.004200000000000001,287,231,231,231,0.8048780487804879,0.00777149143010628,0.012707227478247835,0.013162802636785022,4.846904967084507,9.233539057945372,11.038945802883935,10.025354391734709,23.930305633727016,30.351344932413593,0.0
reduced_electrostatic_reference,100,electric_field_aligned_image_sensitivity_v1,relative_flow_screened_collection_orbital_v1,0.0043,287,231,231,231,0.8048780487804879,0.008318184595036035,0.01303417404644774,0.013608338639253589,4.998169136037255,9.630352633140868,11.422390570775564,10.84757178916459,24.73580032989537,34.470147488723576,0.0
reduced_electrostatic_reference,100,electric_field_aligned_image_sensitivity_v1,relative_flow_screened_collection_orbital_v1,0.0044,287,231,231,231,0.8048780487804879,0.008566437934768337,0.013425099733688108,0.014012809238649341,5.280544872731221,9.942271752285613,11.777718458179695,11.074703663633159,25.97293955056182,38.73309487303678,0.0
reduced_electrostatic_reference,100,electric_field_aligned_image_sensitivity_v1,relative_flow_screened_collection_orbital_v1,0.0045000000000000005,287,231,231,231,0.8048780487804879,0.009019967229649213,0.013835029732978342,0.014395188508656082,5.785315490647925,10.22544771585441,12.104187216010619,11.90234219632265,26.355472405146656,43.13523305026278,0.0
reduced_electrostatic_reference,100,electric_field_aligned_image_sensitivity_v1,relative_flow_screened_collection_orbital_v1,0.0046,287,231,231,231,0.8048780487804879,0.008992371985287807,0.014243545441797149,0.014979763921185836,6.148446067448103,10.487678261339054,12.403349157831514,12.578453076642063,29.071057423591355,47.51914047339783,0.0
reduced_electrostatic_reference,100,electric_field_aligned_image_sensitivity_v1,relative_flow_screened_collection_orbital_v1,0.0047,287,231,231,231,0.8048780487804879,0.009209397932364836,0.01475345740240651,0.01604090613464954,6.783723476815957,10.750874933182613,12.671310527964536,12.67907524504892,32.19281276078476,52.181624427009204,0.0
reduced_electrostatic_reference,100,electric_field_aligned_image_sensitivity_v1,relative_flow_screened_collection_orbital_v1,0.0048000000000000004,287,231,231,231,0.8048780487804879,0.009165791330683865,0.015119680434100542,0.017310134629455937,7.0978946292879055,11.04109482642674,12.906932336204722,13.445216936117617,35.516095431820816,57.10026615274256,0.0
reduced_electrostatic_reference,100,electric_field_aligned_image_sensitivity_v1,relative_flow_screened_collection_orbital_v1,0.0049,287,231,231,231,0.8048780487804879,0.009482848291291316,0.015666554866686278,0.018601862007997006,7.3077788627108164,11.31206903498645,13.11646295224947,14.318492048753455,38.95086258179089,62.01724309189328,0.0
reduced_electrostatic_reference,100,electric_field_aligned_image_sensitivity_v1,relative_flow_screened_collection_orbital_v1,0.005,287,231,231,231,0.8048780487804879,0.010026157845573912,0.016163732945202042,0.019913544336332262,7.451971501891422,11.56556854626899,13.302781043869315,14.909760457372556,42.4345727143247,66.96370500213995,0.0
reduced_electrostatic_reference,100,electric_field_aligned_image_sensitivity_v1,relative_flow_screened_collection_orbital_v1,0.006,287,231,231,231,0.8048780487804879,0.012905787902998903,0.02809962744865646,0.033582645437606404,8.634798229041241,13.57626213091444,14.92276689667203,15.310633500131075,77.02198239471619,114.14524012053239,0.0
reduced_electrostatic_reference,100,electric_field_aligned_image_sensitivity_v1,relative_flow_screened_collection_orbital_v1,0.007,287,231,231,231,0.8048780487804879,0.01377026994664498,0.04111566846106501,0.04716282624110002,8.758399543683728,13.439421023601103,17.49571297480231,10.06939610124084,104.3815076071831,141.48663393131028,0.0
reduced_electrostatic_reference,100,electric_field_aligned_image_sensitivity_v1,relative_flow_screened_collection_orbital_v1,0.008,287,231,231,231,0.8048780487804879,0.01650823657115506,0.049118234580102414,0.05215700737258162,8.444762619991602,10.764604677001167,14.20185439443899,4.213218534943735,116.35466970905128,154.2510109752585,0.0
reduced_electrostatic_reference,100,electric_field_aligned_image_sensitivity_v1,relative_flow_screened_collection_orbital_v1,0.009000000000000001,287,231,231,231,0.8048780487804879,0.022193794159997966,0.04845459289435123,0.0576348807441335,6.702875801200536,10.055552129661947,16.598434233549167,3.572119382745427,114.72335776373319,153.86217213026504,0.0
reduced_electrostatic_reference,100,electric_field_aligned_image_sensitivity_v1,relative_flow_screened_collection_orbital_v1,0.01,287,231,231,231,0.8048780487804879,0.027319779058477933,0.0556617311014129,0.06438270146482107,4.178474222449164,8.665617062436406,15.740203529165813,4.2272457544413555,106.7914665517219,150.18385949154626,0.0
reduced_electrostatic_reference,100,electric_field_aligned_image_sensitivity_v1,relative_flow_screened_collection_orbital_v1,0.011,287,231,226,226,0.7874564459930313,0.030547155289662013,0.061533536359959215,0.07048708122772637,2.9911645055283467,7.1650373581444455,15.625771110390119,5.647946668608938,98.21716682620922,148.20085597946664,0.017421602787456445
reduced_electrostatic_reference,100,electric_field_aligned_image_sensitivity_v1,relative_flow_screened_collection_orbital_v1,0.012,287,231,166,166,0.578397212543554,0.018396630735024927,0.05076417409899128,0.07447853908202827,3.2185780551274004,7.1821515942446705,9.703357743025993,3.698723945784593,111.24462618611344,150.84751078196933,0.2264808362369338
reduced_electrostatic_reference,100,electric_field_aligned_image_sensitivity_v1,relative_flow_screened_collection_orbital_v1,0.013000000000000001,287,231,159,159,0.554006968641115,0.015340033745183218,0.05425427397314754,0.07517396000513313,3.6462912239484555,6.264778417226616,10.696794807599037,3.084413702517736,109.82401825451502,154.07033378278513,0.2508710801393728
reduced_electrostatic_reference,100,electric_field_aligned_image_sensitivity_v1,relative_flow_screened_collection_orbital_v1,0.014,287,231,156,156,0.5435540069686411,0.017009098795306047,0.05769093349434638,0.0749184635163442,3.1831514739515265,6.720488321587806,10.848321265233405,1.9612015019929459,108.20591267333904,156.2299239801909,0.2613240418118467
reduced_electrostatic_reference,100,electric_field_aligned_image_sensitivity_v1,relative_flow_screened_collection_orbital_v1,0.015000000000000001,287,231,147,147,0.5121951219512195,0.01809812620028534,0.060507751103477954,0.07093456503326619,3.730424621344235,6.542974361708558,12.520835394589074,2.3608215213945414,113.36863006648443,157.9356143056583,0.2926829268292683
reduced_electrostatic_reference,100,electric_field_aligned_image_sensitivity_v1,relative_flow_screened_collection_orbital_v1,0.016,287,230,138,138,0.4808362369337979,0.018834093295423446,0.0639668949854147,0.07431453434273359,2.98886598154854,7.146942328762445,13.46698867348457,2.917629361144236,118.51464470890821,157.3646014299822,0.3205574912891986
reduced_electrostatic_reference,100,electric_field_aligned_image_sensitivity_v1,relative_flow_screened_collection_orbital_v1,0.017,287,230,124,124,0.43205574912891986,0.016617118230120777,0.06855771173912045,0.07737610510875097,3.0302312926901784,5.291273478394532,11.733687377843083,2.6204026994000174,118.22063735694121,156.98508641327876,0.3693379790940767
reduced_electrostatic_reference,100,electric_field_aligned_image_sensitivity_v1,relative_flow_screened_collection_orbital_v1,0.018000000000000002,287,230,117,117,0.4076655052264808,0.016052271213331713,0.07284413069099205,0.08067907014159353,2.613226837211728,5.1576495299592695,9.20047258245002,2.2090472017141565,118.74600237700508,157.75523409034975,0.39372822299651566
reduced_electrostatic_reference,100,electric_field_aligned_image_sensitivity_v1,relative_flow_screened_collection_orbital_v1,0.019000000000000003,287,229,116,116,0.40418118466898956,0.016739803571340618,0.07663600657083972,0.08349495200201833,2.1511335029629133,5.276313475101608,9.51554274240202,1.7379523296601178,116.33074364441612,159.22793867605637,0.39372822299651566
reduced_electrostatic_reference,100,electric_field_aligned_image_sensitivity_v1,relative_flow_screened_collection_orbital_v1,0.02,287,229,109,109,0.3797909407665505,0.01630946020679132,0.0794461141552735,0.08620862524563401,2.190812209199163,5.457078537592035,10.523996028051293,1.6870802952956865,120.22937790486218,162.28730109247954,0.4181184668989547
reduced_electrostatic_reference,100,electric_field_aligned_image_sensitivity_v1,relative_flow_screened_collection_orbital_v1,0.020999999999999998,287,228,99,99,0.34494773519163763,0.016184007838779435,0.07767963471589996,0.08908327341881792,2.2047937234992134,5.624473761568829,11.60882386376852,1.9562780039174186,117.00931233348228,167.22589206439085,0.44947735191637633
reduced_electrostatic_reference,100,electric_field_aligned_image_sensitivity_v1,relative_flow_screened_collection_orbital_v1,0.022,287,228,88,88,0.30662020905923343,0.01691867519278433,0.0337425455129295,0.08722331923768853,1.877221481904218,4.720262087676945,7.931011726104648,2.2247995105212794,3.198634701289586,161.23874026699661,0.4878048780487805
reduced_electrostatic_reference,100,electric_field_aligned_image_sensitivity_v1,relative_flow_screened_collection_orbital_v1,0.023,287,221,82,82,0.2857142857142857,0.01649740896469542,0.030219164750899766,0.08596532759928079,1.7122254080963515,3.249644946983859,12.27463096068045,2.167757460426685,3.422179563481484,171.32475131379658,0.4843205574912892
reduced_electrostatic_reference,100,electric_field_aligned_image_sensitivity_v1,relative_flow_screened_collection_orbital_v1,0.024,287,220,76,76,0.26480836236933797,0.015645489221202426,0.03023871718867347,0.05050113980657487,1.712451989112449,3.401422788975634,5.944819280045209,2.250453346092627,3.2015955929682605,46.71349605106245,0.5017421602787456
reduced_electrostatic_reference,100,electric_field_aligned_image_sensitivity_v1,relative_flow_screened_collection_orbital_v1,0.025,287,217,70,70,0.24390243902439024,0.015194613696028862,0.0293629653127096,0.05272190555933605,1.95869893952807,3.734324715052877,8.042779800908477,2.224989185732909,3.335138488374753,58.514359715880694,0.5121951219512195
reduced_electrostatic_reference,100,electric_field_aligned_image_sensitivity_v1,relative_flow_screened_collection_orbital_v1,0.026000000000000002,287,215,68,68,0.23693379790940766,0.015895034416621476,0.03133492867009745,0.05796182216231084,2.0770655887182956,3.5569052468150173,5.347672284048055,1.9397841593677185,3.2377995685111056,54.29678451600252,0.5121951219512195
reduced_electrostatic_reference,100,electric_field_aligned_image_sensitivity_v1,relative_flow_screened_collection_orbital_v1,0.027000000000000003,287,213,59,59,0.20557491289198607,0.01360894317192556,0.027618963362747554,0.06294269236540807,2.016455667364901,3.051875115138548,5.295667675560564,1.8943875809187602,2.71702865760833,46.31203526102104,0.5365853658536586
reduced_electrostatic_reference,100,electric_field_aligned_image_sensitivity_v1,relative_flow_screened_collection_orbital_v1,0.027999999999999997,287,212,55,55,0.1916376306620209,0.0144741478331697,0.027800284704490117,0.033115214397963944,1.714134434282342,2.6900324239842544,7.471172121109514,2.084059901433193,2.798143870398371,3.328237301949516,0.5470383275261324
reduced_electrostatic_reference,100,electric_field_aligned_image_sensitivity_v1,relative_flow_screened_collection_orbital_v1,0.028999999999999998,287,210,53,53,0.18466898954703834,0.015338009745879982,0.02874127047028408,0.031283333756937225,1.6986984334913626,2.6551697396622984,8.005050225820437,2.4332651157201326,3.3198661175336395,3.6291425595383133,0.5470383275261324
reduced_electrostatic_reference,100,electric_field_aligned_image_sensitivity_v1,relative_flow_screened_collection_orbital_v1,0.03,287,209,51,51,0.17770034843205576,0.016270877496783263,0.03028357046448913,0.03271843096644814,1.8789037117448346,2.976508642510148,3.356637387571091,2.4395728522137006,3.400600448667433,3.6160984350082117,0.5505226480836237
