segment_name,save_count,t_start,t_end
ignite,12,0.0,0.5500000000000003
sustain,61,0.6000000000000003,1.2
